code_name,n,k,code_rate,h,g,expected_min_distance,syndrome_t,chase_inner_t,chase_p,ebn0_db,sigma,message_count,decoder,skipped,skip_reason,bit_errors,total_bits,ber,frame_errors,frame_error_rate,codeword_errors,codeword_error_rate,failure_count,failure_rate,ambiguous_count,ambiguous_rate,total_time_sec,avg_time_ms
wavelet_16_8,16,8,0.5,1 0 0 1 0 1 0,1 1 1 1 0 1 1,5,2,2,4,0.0,1.0,20000,syndrome,False,,56819,160000,0.35511875,9503,0.47515,9503,0.47515,5242,0.2621,0,0.0,2.3125662000002194,0.11562831000001098
wavelet_16_8,16,8,0.5,1 0 0 1 0 1 0,1 1 1 1 0 1 1,5,2,2,4,0.0,1.0,20000,hard_mld,False,,32041,160000,0.20025625,8533,0.42665,8533,0.42665,0,0.0,5242,0.2621,0.10951810000005935,0.005475905000002967
wavelet_16_8,16,8,0.5,1 0 0 1 0 1 0,1 1 1 1 0 1 1,5,2,2,4,0.0,1.0,20000,soft_mld,False,,17546,160000,0.1096625,4763,0.23815,4763,0.23815,0,0.0,2,0.0001,0.026147900000069058,0.001307395000003453
wavelet_16_8,16,8,0.5,1 0 0 1 0 1 0,1 1 1 1 0 1 1,5,2,2,4,0.0,1.0,20000,chase,False,,17787,160000,0.11116875,4828,0.2414,4828,0.2414,0,0.0,1,5e-05,36.8199898999992,1.84099949499996
wavelet_16_8,16,8,0.5,1 0 0 1 0 1 0,1 1 1 1 0 1 1,5,2,2,4,0.5,0.9440608762859234,20000,syndrome,False,,49216,160000,0.3076,8243,0.41215,8243,0.41215,4551,0.22755,0,0.0,2.425823200001105,0.12129116000005524
wavelet_16_8,16,8,0.5,1 0 0 1 0 1 0,1 1 1 1 0 1 1,5,2,2,4,0.5,0.9440608762859234,20000,hard_mld,False,,27601,160000,0.17250625,7348,0.3674,7348,0.3674,0,0.0,4551,0.22755,0.1120480999998108,0.00560240499999054
wavelet_16_8,16,8,0.5,1 0 0 1 0 1 0,1 1 1 1 0 1 1,5,2,2,4,0.5,0.9440608762859234,20000,soft_mld,False,,13215,160000,0.08259375,3622,0.1811,3622,0.1811,0,0.0,0,0.0,0.025785399999222136,0.001289269999961107
wavelet_16_8,16,8,0.5,1 0 0 1 0 1 0,1 1 1 1 0 1 1,5,2,2,4,0.5,0.9440608762859234,20000,chase,False,,13404,160000,0.083775,3676,0.1838,3676,0.1838,0,0.0,0,0.0,36.97993580000002,1.848996790000001
wavelet_16_8,16,8,0.5,1 0 0 1 0 1 0,1 1 1 1 0 1 1,5,2,2,4,1.0,0.8912509381337456,20000,syndrome,False,,41822,160000,0.2613875,6993,0.34965,6993,0.34965,3910,0.1955,0,0.0,2.449939699999959,0.12249698499999795
wavelet_16_8,16,8,0.5,1 0 0 1 0 1 0,1 1 1 1 0 1 1,5,2,2,4,1.0,0.8912509381337456,20000,hard_mld,False,,22933,160000,0.14333125,6130,0.3065,6130,0.3065,0,0.0,3910,0.1955,0.10850290000053064,0.005425145000026532
wavelet_16_8,16,8,0.5,1 0 0 1 0 1 0,1 1 1 1 0 1 1,5,2,2,4,1.0,0.8912509381337456,20000,soft_mld,False,,9696,160000,0.0606,2680,0.134,2680,0.134,0,0.0,0,0.0,0.024346700000023702,0.0012173350000011852
wavelet_16_8,16,8,0.5,1 0 0 1 0 1 0,1 1 1 1 0 1 1,5,2,2,4,1.0,0.8912509381337456,20000,chase,False,,9899,160000,0.06186875,2739,0.13695,2739,0.13695,0,0.0,0,0.0,37.67227190000085,1.8836135950000426
wavelet_16_8,16,8,0.5,1 0 0 1 0 1 0,1 1 1 1 0 1 1,5,2,2,4,1.5,0.8413951416451951,20000,syndrome,False,,34533,160000,0.21583125,5762,0.2881,5762,0.2881,3265,0.16325,0,0.0,2.519189999999071,0.12595949999995357
wavelet_16_8,16,8,0.5,1 0 0 1 0 1 0,1 1 1 1 0 1 1,5,2,2,4,1.5,0.8413951416451951,20000,hard_mld,False,,18692,160000,0.116825,5008,0.2504,5008,0.2504,0,0.0,3265,0.16325,0.10889789999964705,0.005444894999982353
wavelet_16_8,16,8,0.5,1 0 0 1 0 1 0,1 1 1 1 0 1 1,5,2,2,4,1.5,0.8413951416451951,20000,soft_mld,False,,6915,160000,0.04321875,1931,0.09655,1931,0.09655,0,0.0,0,0.0,0.02484120000008261,0.0012420600000041305
wavelet_16_8,16,8,0.5,1 0 0 1 0 1 0,1 1 1 1 0 1 1,5,2,2,4,1.5,0.8413951416451951,20000,chase,False,,7078,160000,0.0442375,1965,0.09825,1965,0.09825,0,0.0,0,0.0,39.14063869999882,1.957031934999941
wavelet_16_8,16,8,0.5,1 0 0 1 0 1 0,1 1 1 1 0 1 1,5,2,2,4,2.0,0.7943282347242815,20000,syndrome,False,,27565,160000,0.17228125,4594,0.2297,4594,0.2297,2613,0.13065,0,0.0,2.6371537999984866,0.13185768999992434
wavelet_16_8,16,8,0.5,1 0 0 1 0 1 0,1 1 1 1 0 1 1,5,2,2,4,2.0,0.7943282347242815,20000,hard_mld,False,,14815,160000,0.09259375,3968,0.1984,3968,0.1984,0,0.0,2613,0.13065,0.10932039999897825,0.005466019999948913
wavelet_16_8,16,8,0.5,1 0 0 1 0 1 0,1 1 1 1 0 1 1,5,2,2,4,2.0,0.7943282347242815,20000,soft_mld,False,,4494,160000,0.0280875,1255,0.06275,1255,0.06275,0,0.0,1,5e-05,0.023674100000789622,0.0011837050000394812
wavelet_16_8,16,8,0.5,1 0 0 1 0 1 0,1 1 1 1 0 1 1,5,2,2,4,2.0,0.7943282347242815,20000,chase,False,,4549,160000,0.02843125,1268,0.0634,1268,0.0634,0,0.0,0,0.0,41.05351159999918,2.052675579999959
wavelet_16_8,16,8,0.5,1 0 0 1 0 1 0,1 1 1 1 0 1 1,5,2,2,4,2.5,0.7498942093324559,20000,syndrome,False,,20810,160000,0.1300625,3483,0.17415,3483,0.17415,1979,0.09895,0,0.0,2.7128397000014957,0.1356419850000748
wavelet_16_8,16,8,0.5,1 0 0 1 0 1 0,1 1 1 1 0 1 1,5,2,2,4,2.5,0.7498942093324559,20000,hard_mld,False,,11052,160000,0.069075,2985,0.14925,2985,0.14925,0,0.0,1979,0.09895,0.10898399999859976,0.005449199999929988
wavelet_16_8,16,8,0.5,1 0 0 1 0 1 0,1 1 1 1 0 1 1,5,2,2,4,2.5,0.7498942093324559,20000,soft_mld,False,,2685,160000,0.01678125,774,0.0387,774,0.0387,0,0.0,0,0.0,0.023603399997227825,0.0011801699998613912
wavelet_16_8,16,8,0.5,1 0 0 1 0 1 0,1 1 1 1 0 1 1,5,2,2,4,2.5,0.7498942093324559,20000,chase,False,,2752,160000,0.0172,791,0.03955,791,0.03955,0,0.0,0,0.0,40.133737099997234,2.0066868549998618
wavelet_16_8,16,8,0.5,1 0 0 1 0 1 0,1 1 1 1 0 1 1,5,2,2,4,3.0,0.7079457843841379,20000,syndrome,False,,15255,160000,0.09534375,2552,0.1276,2552,0.1276,1456,0.0728,0,0.0,2.7490569000001415,0.13745284500000707
wavelet_16_8,16,8,0.5,1 0 0 1 0 1 0,1 1 1 1 0 1 1,5,2,2,4,3.0,0.7079457843841379,20000,hard_mld,False,,8035,160000,0.05021875,2174,0.1087,2174,0.1087,0,0.0,1456,0.0728,0.1095673000017996,0.00547836500008998
wavelet_16_8,16,8,0.5,1 0 0 1 0 1 0,1 1 1 1 0 1 1,5,2,2,4,3.0,0.7079457843841379,20000,soft_mld,False,,1454,160000,0.0090875,417,0.02085,417,0.02085,0,0.0,0,0.0,0.024972800001705764,0.0012486400000852882
wavelet_16_8,16,8,0.5,1 0 0 1 0 1 0,1 1 1 1 0 1 1,5,2,2,4,3.0,0.7079457843841379,20000,chase,False,,1461,160000,0.00913125,420,0.021,420,0.021,0,0.0,0,0.0,41.278256800000236,2.0639128400000115
wavelet_16_8,16,8,0.5,1 0 0 1 0 1 0,1 1 1 1 0 1 1,5,2,2,4,3.5,0.6683439175686147,20000,syndrome,False,,10745,160000,0.06715625,1799,0.08995,1799,0.08995,1031,0.05155,0,0.0,2.828044099998806,0.1414022049999403
wavelet_16_8,16,8,0.5,1 0 0 1 0 1 0,1 1 1 1 0 1 1,5,2,2,4,3.5,0.6683439175686147,20000,hard_mld,False,,5580,160000,0.034875,1510,0.0755,1510,0.0755,0,0.0,1031,0.05155,0.1096423999988474,0.00548211999994237
wavelet_16_8,16,8,0.5,1 0 0 1 0 1 0,1 1 1 1 0 1 1,5,2,2,4,3.5,0.6683439175686147,20000,soft_mld,False,,760,160000,0.00475,215,0.01075,215,0.01075,0,0.0,0,0.0,0.02656840000054217,0.0013284200000271084
wavelet_16_8,16,8,0.5,1 0 0 1 0 1 0,1 1 1 1 0 1 1,5,2,2,4,3.5,0.6683439175686147,20000,chase,False,,767,160000,0.00479375,214,0.0107,214,0.0107,0,0.0,0,0.0,42.34750720000011,2.1173753600000054
wavelet_32_16,32,16,0.5,1 0 0 0 0 0 0 0 1 1,0 1 0 0 1 1 0 1 0 1,8,3,3,6,0.0,1.0,20000,syndrome,False,,236573,320000,0.739290625,15256,0.7628,15256,0.7628,14341,0.71705,0,0.0,2.2631381999999576,0.11315690999999788
wavelet_32_16,32,16,0.5,1 0 0 0 0 0 0 0 1 1,0 1 0 0 1 1 0 1 0 1,8,3,3,6,0.0,1.0,20000,hard_mld,False,,95925,320000,0.299765625,12297,0.61485,12297,0.61485,0,0.0,10506,0.5253,45.77953989999878,2.2889769949999392
wavelet_32_16,32,16,0.5,1 0 0 0 0 0 0 0 1 1,0 1 0 0 1 1 0 1 0 1,8,3,3,6,0.0,1.0,20000,soft_mld,False,,47435,320000,0.148234375,6070,0.3035,6070,0.3035,0,0.0,3,0.00015,11.455590100002155,0.5727795050001078
wavelet_32_16,32,16,0.5,1 0 0 0 0 0 0 0 1 1,0 1 0 0 1 1 0 1 0 1,8,3,3,6,0.0,1.0,20000,chase,False,,55401,320000,0.173128125,6995,0.34975,6995,0.34975,121,0.00605,1,5e-05,112.38807779999843,5.619403889999921
wavelet_32_16,32,16,0.5,1 0 0 0 0 0 0 0 1 1,0 1 0 0 1 1 0 1 0 1,8,3,3,6,0.5,0.9440608762859234,20000,syndrome,False,,215039,320000,0.671996875,13845,0.69225,13845,0.69225,13054,0.6527,0,0.0,2.5773017999999865,0.12886508999999932
wavelet_32_16,32,16,0.5,1 0 0 0 0 0 0 0 1 1,0 1 0 0 1 1 0 1 0 1,8,3,3,6,0.5,0.9440608762859234,20000,hard_mld,False,,83189,320000,0.259965625,10674,0.5337,10674,0.5337,0,0.0,9568,0.4784,46.11702259999947,2.3058511299999735
wavelet_32_16,32,16,0.5,1 0 0 0 0 0 0 0 1 1,0 1 0 0 1 1 0 1 0 1,8,3,3,6,0.5,0.9440608762859234,20000,soft_mld,False,,34443,320000,0.107634375,4401,0.22005,4401,0.22005,0,0.0,1,5e-05,11.411393299997144,0.5705696649998572
wavelet_32_16,32,16,0.5,1 0 0 0 0 0 0 0 1 1,0 1 0 0 1 1 0 1 0 1,8,3,3,6,0.5,0.9440608762859234,20000,chase,False,,41310,320000,0.12909375,5226,0.2613,5226,0.2613,88,0.0044,0,0.0,124.9492926999992,6.24746463499996
wavelet_32_16,32,16,0.5,1 0 0 0 0 0 0 0 1 1,0 1 0 0 1 1 0 1 0 1,8,3,3,6,1.0,0.8912509381337456,20000,syndrome,False,,191154,320000,0.59735625,12287,0.61435,12287,0.61435,11635,0.58175,0,0.0,2.993547699999908,0.14967738499999542
wavelet_32_16,32,16,0.5,1 0 0 0 0 0 0 0 1 1,0 1 0 0 1 1 0 1 0 1,8,3,3,6,1.0,0.8912509381337456,20000,hard_mld,False,,69631,320000,0.217596875,8971,0.44855,8971,0.44855,0,0.0,8494,0.4247,46.26926580000145,2.3134632900000724
wavelet_32_16,32,16,0.5,1 0 0 0 0 0 0 0 1 1,0 1 0 0 1 1 0 1 0 1,8,3,3,6,1.0,0.8912509381337456,20000,soft_mld,False,,23398,320000,0.07311875,2990,0.1495,2990,0.1495,0,0.0,2,0.0001,11.247597499997937,0.5623798749998968
wavelet_32_16,32,16,0.5,1 0 0 0 0 0 0 0 1 1,0 1 0 0 1 1 0 1 0 1,8,3,3,6,1.0,0.8912509381337456,20000,chase,False,,28901,320000,0.090315625,3670,0.1835,3670,0.1835,64,0.0032,0,0.0,139.90267289999974,6.995133644999987
wavelet_32_16,32,16,0.5,1 0 0 0 0 0 0 0 1 1,0 1 0 0 1 1 0 1 0 1,8,3,3,6,1.5,0.8413951416451951,20000,syndrome,False,,163666,320000,0.51145625,10495,0.52475,10495,0.52475,9992,0.4996,0,0.0,3.485916999998153,0.17429584999990766
wavelet_32_16,32,16,0.5,1 0 0 0 0 0 0 0 1 1,0 1 0 0 1 1 0 1 0 1,8,3,3,6,1.5,0.8413951416451951,20000,hard_mld,False,,56310,320000,0.17596875,7234,0.3617,7234,0.3617,0,0.0,7176,0.3588,46.091130599997996,2.3045565299999
wavelet_32_16,32,16,0.5,1 0 0 0 0 0 0 0 1 1,0 1 0 0 1 1 0 1 0 1,8,3,3,6,1.5,0.8413951416451951,20000,soft_mld,False,,14472,320000,0.045225,1834,0.0917,1834,0.0917,0,0.0,0,0.0,11.404374000001553,0.5702187000000777
wavelet_32_16,32,16,0.5,1 0 0 0 0 0 0 0 1 1,0 1 0 0 1 1 0 1 0 1,8,3,3,6,1.5,0.8413951416451951,20000,chase,False,,18842,320000,0.05888125,2371,0.11855,2371,0.11855,35,0.00175,0,0.0,156.77291460000197,7.838645730000098
wavelet_32_16,32,16,0.5,1 0 0 0 0 0 0 0 1 1,0 1 0 0 1 1 0 1 0 1,8,3,3,6,2.0,0.7943282347242815,20000,syndrome,False,,133723,320000,0.417884375,8563,0.42815,8563,0.42815,8182,0.4091,0,0.0,4.011845400000311,0.20059227000001556
wavelet_32_16,32,16,0.5,1 0 0 0 0 0 0 0 1 1,0 1 0 0 1 1 0 1 0 1,8,3,3,6,2.0,0.7943282347242815,20000,hard_mld,False,,43287,320000,0.135271875,5557,0.27785,5557,0.27785,0,0.0,5748,0.2874,46.01792629999909,2.300896314999955
wavelet_32_16,32,16,0.5,1 0 0 0 0 0 0 0 1 1,0 1 0 0 1 1 0 1 0 1,8,3,3,6,2.0,0.7943282347242815,20000,soft_mld,False,,8064,320000,0.0252,1025,0.05125,1025,0.05125,0,0.0,0,0.0,11.316700600000331,0.5658350300000166
wavelet_32_16,32,16,0.5,1 0 0 0 0 0 0 0 1 1,0 1 0 0 1 1 0 1 0 1,8,3,3,6,2.0,0.7943282347242815,20000,chase,False,,10968,320000,0.034275,1368,0.0684,1368,0.0684,22,0.0011,0,0.0,176.6115580000005,8.830577900000025
wavelet_32_16,32,16,0.5,1 0 0 0 0 0 0 0 1 1,0 1 0 0 1 1 0 1 0 1,8,3,3,6,2.5,0.7498942093324559,20000,syndrome,False,,104165,320000,0.325515625,6657,0.33285,6657,0.33285,6379,0.31895,0,0.0,4.540314199999557,0.22701570999997783
wavelet_32_16,32,16,0.5,1 0 0 0 0 0 0 0 1 1,0 1 0 0 1 1 0 1 0 1,8,3,3,6,2.5,0.7498942093324559,20000,hard_mld,False,,32048,320000,0.10015,4136,0.2068,4136,0.2068,0,0.0,4457,0.22285,46.229689099996904,2.311484454999845
wavelet_32_16,32,16,0.5,1 0 0 0 0 0 0 0 1 1,0 1 0 0 1 1 0 1 0 1,8,3,3,6,2.5,0.7498942093324559,20000,soft_mld,False,,4073,320000,0.012728125,514,0.0257,514,0.0257,0,0.0,0,0.0,11.370590799997444,0.5685295399998722
wavelet_32_16,32,16,0.5,1 0 0 0 0 0 0 0 1 1,0 1 0 0 1 1 0 1 0 1,8,3,3,6,2.5,0.7498942093324559,20000,chase,False,,5540,320000,0.0173125,691,0.03455,691,0.03455,7,0.00035,0,0.0,197.23621379999895,9.861810689999949
wavelet_32_16,32,16,0.5,1 0 0 0 0 0 0 0 1 1,0 1 0 0 1 1 0 1 0 1,8,3,3,6,3.0,0.7079457843841379,20000,syndrome,False,,77782,320000,0.24306875,4952,0.2476,4952,0.2476,4783,0.23915,0,0.0,4.999098600001162,0.24995493000005806
wavelet_32_16,32,16,0.5,1 0 0 0 0 0 0 0 1 1,0 1 0 0 1 1 0 1 0 1,8,3,3,6,3.0,0.7079457843841379,20000,hard_mld,False,,22124,320000,0.0691375,2849,0.14245,2849,0.14245,0,0.0,3310,0.1655,46.18180719999873,2.3090903599999364
wavelet_32_16,32,16,0.5,1 0 0 0 0 0 0 0 1 1,0 1 0 0 1 1 0 1 0 1,8,3,3,6,3.0,0.7079457843841379,20000,soft_mld,False,,1598,320000,0.00499375,200,0.01,200,0.01,0,0.0,0,0.0,11.331350699998438,0.5665675349999219
wavelet_32_16,32,16,0.5,1 0 0 0 0 0 0 0 1 1,0 1 0 0 1 1 0 1 0 1,8,3,3,6,3.0,0.7079457843841379,20000,chase,False,,2592,320000,0.0081,324,0.0162,324,0.0162,3,0.00015,0,0.0,219.4082877999972,10.97041438999986
wavelet_32_16,32,16,0.5,1 0 0 0 0 0 0 0 1 1,0 1 0 0 1 1 0 1 0 1,8,3,3,6,3.5,0.6683439175686147,20000,syndrome,False,,53527,320000,0.167271875,3403,0.17015,3403,0.17015,3296,0.1648,0,0.0,5.438204499998392,0.27191022499991957
wavelet_32_16,32,16,0.5,1 0 0 0 0 0 0 0 1 1,0 1 0 0 1 1 0 1 0 1,8,3,3,6,3.5,0.6683439175686147,20000,hard_mld,False,,14140,320000,0.0441875,1821,0.09105,1821,0.09105,0,0.0,2228,0.1114,46.31212229999801,2.3156061149999005
wavelet_32_16,32,16,0.5,1 0 0 0 0 0 0 0 1 1,0 1 0 0 1 1 0 1 0 1,8,3,3,6,3.5,0.6683439175686147,20000,soft_mld,False,,615,320000,0.001921875,77,0.00385,77,0.00385,0,0.0,0,0.0,14.460481699999946,0.7230240849999974
wavelet_32_16,32,16,0.5,1 0 0 0 0 0 0 0 1 1,0 1 0 0 1 1 0 1 0 1,8,3,3,6,3.5,0.6683439175686147,20000,chase,False,,1053,320000,0.003290625,133,0.00665,133,0.00665,3,0.00015,0,0.0,236.04767110000103,11.80238355500005
wavelet_64_32,64,32,0.5,1 0 1 1 1 1 1 0 0 1 1 1 1 0 1 1 0 0 1 0 1 1 0 0 1 1 1 1 0 0 1 1,,,4,4,8,0.0,1.0,20000,syndrome,False,,627940,640000,0.98115625,19634,0.9817,19634,0.9817,19616,0.9808,0,0.0,1.0603564999983064,0.053017824999915315
wavelet_64_32,64,32,0.5,1 0 1 1 1 1 1 0 0 1 1 1 1 0 1 1 0 0 1 0 1 1 0 0 1 1 1 1 0 0 1 1,,,4,4,8,0.0,1.0,20000,hard_mld,True,Пропущено: k = 32 больше max_k_for_mld = 16,,,,,,,,,,,,,
wavelet_64_32,64,32,0.5,1 0 1 1 1 1 1 0 0 1 1 1 1 0 1 1 0 0 1 0 1 1 0 0 1 1 1 1 0 0 1 1,,,4,4,8,0.0,1.0,20000,soft_mld,True,Пропущено: k = 32 больше max_k_for_mld = 16,,,,,,,,,,,,,
wavelet_64_32,64,32,0.5,1 0 1 1 1 1 1 0 0 1 1 1 1 0 1 1 0 0 1 0 1 1 0 0 1 1 1 1 0 0 1 1,,,4,4,8,0.0,1.0,20000,chase,False,,506121,640000,0.7908140625,16229,0.81145,16229,0.81145,15445,0.77225,0,0.0,243.48525359999985,12.174262679999991
wavelet_64_32,64,32,0.5,1 0 1 1 1 1 1 0 0 1 1 1 1 0 1 1 0 0 1 0 1 1 0 0 1 1 1 1 0 0 1 1,,,4,4,8,0.5,0.9440608762859234,20000,syndrome,False,,616985,640000,0.9640390625,19290,0.9645,19290,0.9645,19274,0.9637,0,0.0,1.3483163000018976,0.06741581500009489
wavelet_64_32,64,32,0.5,1 0 1 1 1 1 1 0 0 1 1 1 1 0 1 1 0 0 1 0 1 1 0 0 1 1 1 1 0 0 1 1,,,4,4,8,0.5,0.9440608762859234,20000,hard_mld,True,Пропущено: k = 32 больше max_k_for_mld = 16,,,,,,,,,,,,,
wavelet_64_32,64,32,0.5,1 0 1 1 1 1 1 0 0 1 1 1 1 0 1 1 0 0 1 0 1 1 0 0 1 1 1 1 0 0 1 1,,,4,4,8,0.5,0.9440608762859234,20000,soft_mld,True,Пропущено: k = 32 больше max_k_for_mld = 16,,,,,,,,,,,,,
wavelet_64_32,64,32,0.5,1 0 1 1 1 1 1 0 0 1 1 1 1 0 1 1 0 0 1 0 1 1 0 0 1 1 1 1 0 0 1 1,,,4,4,8,0.5,0.9440608762859234,20000,chase,False,,441052,640000,0.68914375,14205,0.71025,14205,0.71025,13410,0.6705,0,0.0,282.0562167999997,14.102810839999982
wavelet_64_32,64,32,0.5,1 0 1 1 1 1 1 0 0 1 1 1 1 0 1 1 0 0 1 0 1 1 0 0 1 1 1 1 0 0 1 1,,,4,4,8,1.0,0.8912509381337456,20000,syndrome,False,,597863,640000,0.9341609375,18697,0.93485,18697,0.93485,18673,0.93365,0,0.0,1.8723737000000256,0.09361868500000127
wavelet_64_32,64,32,0.5,1 0 1 1 1 1 1 0 0 1 1 1 1 0 1 1 0 0 1 0 1 1 0 0 1 1 1 1 0 0 1 1,,,4,4,8,1.0,0.8912509381337456,20000,hard_mld,True,Пропущено: k = 32 больше max_k_for_mld = 16,,,,,,,,,,,,,
wavelet_64_32,64,32,0.5,1 0 1 1 1 1 1 0 0 1 1 1 1 0 1 1 0 0 1 0 1 1 0 0 1 1 1 1 0 0 1 1,,,4,4,8,1.0,0.8912509381337456,20000,soft_mld,True,Пропущено: k = 32 больше max_k_for_mld = 16,,,,,,,,,,,,,
wavelet_64_32,64,32,0.5,1 0 1 1 1 1 1 0 0 1 1 1 1 0 1 1 0 0 1 0 1 1 0 0 1 1 1 1 0 0 1 1,,,4,4,8,1.0,0.8912509381337456,20000,chase,False,,359410,640000,0.561578125,11611,0.58055,11611,0.58055,10906,0.5453,0,0.0,347.31828470000255,17.365914235000126
wavelet_64_32,64,32,0.5,1 0 1 1 1 1 1 0 0 1 1 1 1 0 1 1 0 0 1 0 1 1 0 0 1 1 1 1 0 0 1 1,,,4,4,8,1.5,0.8413951416451951,20000,syndrome,False,,566634,640000,0.885365625,17724,0.8862,17724,0.8862,17696,0.8848,0,0.0,2.706444300001749,0.13532221500008745
wavelet_64_32,64,32,0.5,1 0 1 1 1 1 1 0 0 1 1 1 1 0 1 1 0 0 1 0 1 1 0 0 1 1 1 1 0 0 1 1,,,4,4,8,1.5,0.8413951416451951,20000,hard_mld,True,Пропущено: k = 32 больше max_k_for_mld = 16,,,,,,,,,,,,,
wavelet_64_32,64,32,0.5,1 0 1 1 1 1 1 0 0 1 1 1 1 0 1 1 0 0 1 0 1 1 0 0 1 1 1 1 0 0 1 1,,,4,4,8,1.5,0.8413951416451951,20000,soft_mld,True,Пропущено: k = 32 больше max_k_for_mld = 16,,,,,,,,,,,,,
wavelet_64_32,64,32,0.5,1 0 1 1 1 1 1 0 0 1 1 1 1 0 1 1 0 0 1 0 1 1 0 0 1 1 1 1 0 0 1 1,,,4,4,8,1.5,0.8413951416451951,20000,chase,False,,266506,640000,0.416415625,8628,0.4314,8628,0.4314,8078,0.4039,0,0.0,452.70738170000186,22.635369085000093
wavelet_64_32,64,32,0.5,1 0 1 1 1 1 1 0 0 1 1 1 1 0 1 1 0 0 1 0 1 1 0 0 1 1 1 1 0 0 1 1,,,4,4,8,2.0,0.7943282347242815,20000,syndrome,False,,520088,640000,0.8126375,16270,0.8135,16270,0.8135,16241,0.81205,0,0.0,3.9696813999980805,0.19848406999990403
wavelet_64_32,64,32,0.5,1 0 1 1 1 1 1 0 0 1 1 1 1 0 1 1 0 0 1 0 1 1 0 0 1 1 1 1 0 0 1 1,,,4,4,8,2.0,0.7943282347242815,20000,hard_mld,True,Пропущено: k = 32 больше max_k_for_mld = 16,,,,,,,,,,,,,
wavelet_64_32,64,32,0.5,1 0 1 1 1 1 1 0 0 1 1 1 1 0 1 1 0 0 1 0 1 1 0 0 1 1 1 1 0 0 1 1,,,4,4,8,2.0,0.7943282347242815,20000,soft_mld,True,Пропущено: k = 32 больше max_k_for_mld = 16,,,,,,,,,,,,,
wavelet_64_32,64,32,0.5,1 0 1 1 1 1 1 0 0 1 1 1 1 0 1 1 0 0 1 0 1 1 0 0 1 1 1 1 0 0 1 1,,,4,4,8,2.0,0.7943282347242815,20000,chase,False,,177141,640000,0.2767828125,5745,0.28725,5745,0.28725,5364,0.2682,0,0.0,612.9130511000003,30.645652555000012
wavelet_64_32,64,32,0.5,1 0 1 1 1 1 1 0 0 1 1 1 1 0 1 1 0 0 1 0 1 1 0 0 1 1 1 1 0 0 1 1,,,4,4,8,2.5,0.7498942093324559,20000,syndrome,False,,451686,640000,0.705759375,14139,0.70695,14139,0.70695,14099,0.70495,0,0.0,5.8194428000024345,0.2909721400001217
wavelet_64_32,64,32,0.5,1 0 1 1 1 1 1 0 0 1 1 1 1 0 1 1 0 0 1 0 1 1 0 0 1 1 1 1 0 0 1 1,,,4,4,8,2.5,0.7498942093324559,20000,hard_mld,True,Пропущено: k = 32 больше max_k_for_mld = 16,,,,,,,,,,,,,
wavelet_64_32,64,32,0.5,1 0 1 1 1 1 1 0 0 1 1 1 1 0 1 1 0 0 1 0 1 1 0 0 1 1 1 1 0 0 1 1,,,4,4,8,2.5,0.7498942093324559,20000,soft_mld,True,Пропущено: k = 32 больше max_k_for_mld = 16,,,,,,,,,,,,,
wavelet_64_32,64,32,0.5,1 0 1 1 1 1 1 0 0 1 1 1 1 0 1 1 0 0 1 0 1 1 0 0 1 1 1 1 0 0 1 1,,,4,4,8,2.5,0.7498942093324559,20000,chase,False,,105443,640000,0.1647546875,3448,0.1724,3448,0.1724,3169,0.15845,0,0.0,831.4700354999986,41.57350177499993
wavelet_64_32,64,32,0.5,1 0 1 1 1 1 1 0 0 1 1 1 1 0 1 1 0 0 1 0 1 1 0 0 1 1 1 1 0 0 1 1,,,4,4,8,3.0,0.7079457843841379,20000,syndrome,False,,368817,640000,0.5762765625,11548,0.5774,11548,0.5774,11511,0.57555,0,0.0,8.025791299998673,0.4012895649999337
wavelet_64_32,64,32,0.5,1 0 1 1 1 1 1 0 0 1 1 1 1 0 1 1 0 0 1 0 1 1 0 0 1 1 1 1 0 0 1 1,,,4,4,8,3.0,0.7079457843841379,20000,hard_mld,True,Пропущено: k = 32 больше max_k_for_mld = 16,,,,,,,,,,,,,
wavelet_64_32,64,32,0.5,1 0 1 1 1 1 1 0 0 1 1 1 1 0 1 1 0 0 1 0 1 1 0 0 1 1 1 1 0 0 1 1,,,4,4,8,3.0,0.7079457843841379,20000,soft_mld,True,Пропущено: k = 32 больше max_k_for_mld = 16,,,,,,,,,,,,,
wavelet_64_32,64,32,0.5,1 0 1 1 1 1 1 0 0 1 1 1 1 0 1 1 0 0 1 0 1 1 0 0 1 1 1 1 0 0 1 1,,,4,4,8,3.0,0.7079457843841379,20000,chase,False,,53257,640000,0.0832140625,1744,0.0872,1744,0.0872,1603,0.08015,0,0.0,1117.1779478000026,55.85889739000012
wavelet_64_32,64,32,0.5,1 0 1 1 1 1 1 0 0 1 1 1 1 0 1 1 0 0 1 0 1 1 0 0 1 1 1 1 0 0 1 1,,,4,4,8,3.5,0.6683439175686147,20000,syndrome,False,,275666,640000,0.430728125,8640,0.432,8640,0.432,8598,0.4299,0,0.0,10.584912800000893,0.5292456400000446
wavelet_64_32,64,32,0.5,1 0 1 1 1 1 1 0 0 1 1 1 1 0 1 1 0 0 1 0 1 1 0 0 1 1 1 1 0 0 1 1,,,4,4,8,3.5,0.6683439175686147,20000,hard_mld,True,Пропущено: k = 32 больше max_k_for_mld = 16,,,,,,,,,,,,,
wavelet_64_32,64,32,0.5,1 0 1 1 1 1 1 0 0 1 1 1 1 0 1 1 0 0 1 0 1 1 0 0 1 1 1 1 0 0 1 1,,,4,4,8,3.5,0.6683439175686147,20000,soft_mld,True,Пропущено: k = 32 больше max_k_for_mld = 16,,,,,,,,,,,,,
wavelet_64_32,64,32,0.5,1 0 1 1 1 1 1 0 0 1 1 1 1 0 1 1 0 0 1 0 1 1 0 0 1 1 1 1 0 0 1 1,,,4,4,8,3.5,0.6683439175686147,20000,chase,False,,21380,640000,0.03340625,704,0.0352,704,0.0352,639,0.03195,0,0.0,1448.6830019000008,72.43415009500004
