code_name,n,k,code_rate,h,ebn0_db,sigma,message_count,decoder,skipped,skip_reason,bit_errors,total_bits,ber,frame_errors,frame_error_rate,codeword_errors,codeword_error_rate,failure_count,failure_rate,ambiguous_count,ambiguous_rate,total_time_sec,avg_time_ms
wavelet_16_8,16,8,0.5,1 1 0 1 1 1 1 1 1 1 1 1 1 1,0.0,1.0,10000,syndrome,False,,35969,80000,0.4496125,5433,0.5433,5433,0.5433,3338,0.3338,0,0.0,1.286648100009188,0.1286648100009188
wavelet_16_8,16,8,0.5,1 1 0 1 1 1 1 1 1 1 1 1 1 1,0.0,1.0,10000,hard_mld,False,,21557,80000,0.2694625,4988,0.4988,4988,0.4988,0,0.0,4882,0.4882,0.08301410003332421,0.008301410003332422
wavelet_16_8,16,8,0.5,1 1 0 1 1 1 1 1 1 1 1 1 1 1,0.0,1.0,10000,soft_mld,False,,11598,80000,0.144975,2673,0.2673,2673,0.2673,0,0.0,0,0.0,0.019338400044944137,0.0019338400044944138
wavelet_16_8,16,8,0.5,1 1 0 1 1 1 1 1 1 1 1 1 1 1,0.0,1.0,10000,chase,False,,12217,80000,0.1527125,2814,0.2814,2814,0.2814,4,0.0004,0,0.0,21.735154900001362,2.1735154900001366
wavelet_16_8,16,8,0.5,1 1 0 1 1 1 1 1 1 1 1 1 1 1,0.5,0.9440608762859234,10000,syndrome,False,,31996,80000,0.39995,4841,0.4841,4841,0.4841,2941,0.2941,0,0.0,2.8182141999714077,0.2818214199971408
wavelet_16_8,16,8,0.5,1 1 0 1 1 1 1 1 1 1 1 1 1 1,0.5,0.9440608762859234,10000,hard_mld,False,,19273,80000,0.2409125,4433,0.4433,4433,0.4433,0,0.0,4502,0.4502,0.08506209996994585,0.008506209996994585
wavelet_16_8,16,8,0.5,1 1 0 1 1 1 1 1 1 1 1 1 1 1,0.5,0.9440608762859234,10000,soft_mld,False,,9327,80000,0.1165875,2129,0.2129,2129,0.2129,0,0.0,0,0.0,0.014974799996707588,0.0014974799996707588
wavelet_16_8,16,8,0.5,1 1 0 1 1 1 1 1 1 1 1 1 1 1,0.5,0.9440608762859234,10000,chase,False,,9829,80000,0.1228625,2256,0.2256,2256,0.2256,2,0.0002,0,0.0,19.994583999970928,1.9994583999970927
wavelet_16_8,16,8,0.5,1 1 0 1 1 1 1 1 1 1 1 1 1 1,1.0,0.8912509381337456,10000,syndrome,False,,27900,80000,0.34875,4237,0.4237,4237,0.4237,2542,0.2542,0,0.0,1.3548922999761999,0.13548922999762
wavelet_16_8,16,8,0.5,1 1 0 1 1 1 1 1 1 1 1 1 1 1,1.0,0.8912509381337456,10000,hard_mld,False,,16853,80000,0.2106625,3865,0.3865,3865,0.3865,0,0.0,4061,0.4061,0.06524490000447258,0.006524490000447258
wavelet_16_8,16,8,0.5,1 1 0 1 1 1 1 1 1 1 1 1 1 1,1.0,0.8912509381337456,10000,soft_mld,False,,7067,80000,0.0883375,1604,0.1604,1604,0.1604,0,0.0,0,0.0,0.014310099999420345,0.0014310099999420346
wavelet_16_8,16,8,0.5,1 1 0 1 1 1 1 1 1 1 1 1 1 1,1.0,0.8912509381337456,10000,chase,False,,7532,80000,0.09415,1723,0.1723,1723,0.1723,0,0.0,0,0.0,20.04458230000455,2.004458230000455
wavelet_16_8,16,8,0.5,1 1 0 1 1 1 1 1 1 1 1 1 1 1,1.5,0.8413951416451951,10000,syndrome,False,,23581,80000,0.2947625,3617,0.3617,3617,0.3617,2095,0.2095,0,0.0,1.44092930003535,0.144092930003535
wavelet_16_8,16,8,0.5,1 1 0 1 1 1 1 1 1 1 1 1 1 1,1.5,0.8413951416451951,10000,hard_mld,False,,14371,80000,0.1796375,3274,0.3274,3274,0.3274,0,0.0,3566,0.3566,0.05703869997523725,0.0057038699975237245
wavelet_16_8,16,8,0.5,1 1 0 1 1 1 1 1 1 1 1 1 1 1,1.5,0.8413951416451951,10000,soft_mld,False,,5210,80000,0.065125,1180,0.118,1180,0.118,0,0.0,0,0.0,0.01490929996361956,0.001490929996361956
wavelet_16_8,16,8,0.5,1 1 0 1 1 1 1 1 1 1 1 1 1 1,1.5,0.8413951416451951,10000,chase,False,,5645,80000,0.0705625,1281,0.1281,1281,0.1281,0,0.0,0,0.0,20.779535400040913,2.077953540004091
wavelet_16_8,16,8,0.5,1 1 0 1 1 1 1 1 1 1 1 1 1 1,2.0,0.7943282347242815,10000,syndrome,False,,19694,80000,0.246175,3043,0.3043,3043,0.3043,1710,0.171,0,0.0,1.4643803000217304,0.14643803000217304
wavelet_16_8,16,8,0.5,1 1 0 1 1 1 1 1 1 1 1 1 1 1,2.0,0.7943282347242815,10000,hard_mld,False,,12115,80000,0.1514375,2755,0.2755,2755,0.2755,0,0.0,3114,0.3114,0.058091500017326325,0.005809150001732632
wavelet_16_8,16,8,0.5,1 1 0 1 1 1 1 1 1 1 1 1 1 1,2.0,0.7943282347242815,10000,soft_mld,False,,3810,80000,0.047625,858,0.0858,858,0.0858,0,0.0,0,0.0,0.016795200004708022,0.001679520000470802
wavelet_16_8,16,8,0.5,1 1 0 1 1 1 1 1 1 1 1 1 1 1,2.0,0.7943282347242815,10000,chase,False,,4081,80000,0.0510125,924,0.0924,924,0.0924,0,0.0,0,0.0,21.47684159997152,2.1476841599971523
wavelet_16_8,16,8,0.5,1 1 0 1 1 1 1 1 1 1 1 1 1 1,2.5,0.7498942093324559,10000,syndrome,False,,15928,80000,0.1991,2471,0.2471,2471,0.2471,1351,0.1351,0,0.0,1.6539708999916911,0.1653970899991691
wavelet_16_8,16,8,0.5,1 1 0 1 1 1 1 1 1 1 1 1 1 1,2.5,0.7498942093324559,10000,hard_mld,False,,9950,80000,0.124375,2245,0.2245,2245,0.2245,0,0.0,2657,0.2657,0.058534700016025454,0.005853470001602545
wavelet_16_8,16,8,0.5,1 1 0 1 1 1 1 1 1 1 1 1 1 1,2.5,0.7498942093324559,10000,soft_mld,False,,2520,80000,0.0315,562,0.0562,562,0.0562,0,0.0,0,0.0,0.01457609998760745,0.001457609998760745
wavelet_16_8,16,8,0.5,1 1 0 1 1 1 1 1 1 1 1 1 1 1,2.5,0.7498942093324559,10000,chase,False,,2774,80000,0.034675,624,0.0624,624,0.0624,0,0.0,0,0.0,21.42618539999239,2.1426185399992392
wavelet_16_8,16,8,0.5,1 1 0 1 1 1 1 1 1 1 1 1 1 1,3.0,0.7079457843841379,10000,syndrome,False,,12463,80000,0.1557875,1950,0.195,1950,0.195,1042,0.1042,0,0.0,1.5104259999934584,0.15104259999934583
wavelet_16_8,16,8,0.5,1 1 0 1 1 1 1 1 1 1 1 1 1 1,3.0,0.7079457843841379,10000,hard_mld,False,,7865,80000,0.0983125,1773,0.1773,1773,0.1773,0,0.0,2199,0.2199,0.05996029998641461,0.005996029998641461
wavelet_16_8,16,8,0.5,1 1 0 1 1 1 1 1 1 1 1 1 1 1,3.0,0.7079457843841379,10000,soft_mld,False,,1660,80000,0.02075,368,0.0368,368,0.0368,0,0.0,0,0.0,0.015361899975687265,0.0015361899975687265
wavelet_16_8,16,8,0.5,1 1 0 1 1 1 1 1 1 1 1 1 1 1,3.0,0.7079457843841379,10000,chase,False,,1835,80000,0.0229375,413,0.0413,413,0.0413,0,0.0,0,0.0,23.68811230000574,2.368811230000574
wavelet_16_8,16,8,0.5,1 1 0 1 1 1 1 1 1 1 1 1 1 1,3.5,0.6683439175686147,10000,syndrome,False,,9332,80000,0.11665,1480,0.148,1480,0.148,754,0.0754,0,0.0,1.622090200020466,0.1622090200020466
wavelet_16_8,16,8,0.5,1 1 0 1 1 1 1 1 1 1 1 1 1 1,3.5,0.6683439175686147,10000,hard_mld,False,,5966,80000,0.074575,1336,0.1336,1336,0.1336,0,0.0,1736,0.1736,0.06089439999777824,0.006089439999777824
wavelet_16_8,16,8,0.5,1 1 0 1 1 1 1 1 1 1 1 1 1 1,3.5,0.6683439175686147,10000,soft_mld,False,,1022,80000,0.012775,225,0.0225,225,0.0225,0,0.0,0,0.0,0.014760999998543411,0.0014760999998543413
wavelet_16_8,16,8,0.5,1 1 0 1 1 1 1 1 1 1 1 1 1 1,3.5,0.6683439175686147,10000,chase,False,,1141,80000,0.0142625,253,0.0253,253,0.0253,0,0.0,0,0.0,22.22402979998151,2.222402979998151
wavelet_32_16,32,16,0.5,1 1 1 1 1 1 1 1 0 1 1 1 1 1 1 0 1 1 0 1 1 1 0 1 1 0 1 1,0.0,1.0,10000,syndrome,False,,144286,160000,0.9017875,9043,0.9043,9043,0.9043,8994,0.8994,0,0.0,0.6524730999954045,0.06524730999954045
wavelet_32_16,32,16,0.5,1 1 1 1 1 1 1 1 0 1 1 1 1 1 1 0 1 1 0 1 1 1 0 1 1 0 1 1,0.0,1.0,10000,hard_mld,False,,51275,160000,0.32046875,6326,0.6326,6326,0.6326,0,0.0,5938,0.5938,24.7667947000009,2.47667947000009
wavelet_32_16,32,16,0.5,1 1 1 1 1 1 1 1 0 1 1 1 1 1 1 0 1 1 0 1 1 1 0 1 1 0 1 1,0.0,1.0,10000,soft_mld,False,,26017,160000,0.16260625,3249,0.3249,3249,0.3249,0,0.0,2,0.0002,5.9853715999634005,0.59853715999634
wavelet_32_16,32,16,0.5,1 1 1 1 1 1 1 1 0 1 1 1 1 1 1 0 1 1 0 1 1 1 0 1 1 0 1 1,0.0,1.0,10000,chase,False,,70851,160000,0.44281875,5219,0.5219,5219,0.5219,3634,0.3634,0,0.0,33.8823503999738,3.3882350399973804
wavelet_32_16,32,16,0.5,1 1 1 1 1 1 1 1 0 1 1 1 1 1 1 0 1 1 0 1 1 1 0 1 1 0 1 1,0.5,0.9440608762859234,10000,syndrome,False,,137902,160000,0.8618875,8642,0.8642,8642,0.8642,8598,0.8598,0,0.0,0.7828186000115238,0.07828186000115238
wavelet_32_16,32,16,0.5,1 1 1 1 1 1 1 1 0 1 1 1 1 1 1 0 1 1 0 1 1 1 0 1 1 0 1 1,0.5,0.9440608762859234,10000,hard_mld,False,,44851,160000,0.28031875,5562,0.5562,5562,0.5562,0,0.0,5446,0.5446,24.454465100017842,2.4454465100017844
wavelet_32_16,32,16,0.5,1 1 1 1 1 1 1 1 0 1 1 1 1 1 1 0 1 1 0 1 1 1 0 1 1 0 1 1,0.5,0.9440608762859234,10000,soft_mld,False,,19300,160000,0.120625,2401,0.2401,2401,0.2401,0,0.0,0,0.0,5.812183199974243,0.5812183199974242
wavelet_32_16,32,16,0.5,1 1 1 1 1 1 1 1 0 1 1 1 1 1 1 0 1 1 0 1 1 1 0 1 1 0 1 1,0.5,0.9440608762859234,10000,chase,False,,57929,160000,0.36205625,4278,0.4278,4278,0.4278,2960,0.296,0,0.0,37.24156029999722,3.7241560299997216
wavelet_32_16,32,16,0.5,1 1 1 1 1 1 1 1 0 1 1 1 1 1 1 0 1 1 0 1 1 1 0 1 1 0 1 1,1.0,0.8912509381337456,10000,syndrome,False,,129178,160000,0.8073625,8096,0.8096,8096,0.8096,8052,0.8052,0,0.0,0.9883499999996275,0.09883499999996274
wavelet_32_16,32,16,0.5,1 1 1 1 1 1 1 1 0 1 1 1 1 1 1 0 1 1 0 1 1 1 0 1 1 0 1 1,1.0,0.8912509381337456,10000,hard_mld,False,,38009,160000,0.23755625,4707,0.4707,4707,0.4707,0,0.0,4836,0.4836,24.446290399995632,2.444629039999563
wavelet_32_16,32,16,0.5,1 1 1 1 1 1 1 1 0 1 1 1 1 1 1 0 1 1 0 1 1 1 0 1 1 0 1 1,1.0,0.8912509381337456,10000,soft_mld,False,,13158,160000,0.0822375,1630,0.163,1630,0.163,0,0.0,0,0.0,5.793506100017112,0.5793506100017112
wavelet_32_16,32,16,0.5,1 1 1 1 1 1 1 1 0 1 1 1 1 1 1 0 1 1 0 1 1 1 0 1 1 0 1 1,1.0,0.8912509381337456,10000,chase,False,,44087,160000,0.27554375,3267,0.3267,3267,0.3267,2245,0.2245,0,0.0,42.00837820000015,4.200837820000015
wavelet_32_16,32,16,0.5,1 1 1 1 1 1 1 1 0 1 1 1 1 1 1 0 1 1 0 1 1 1 0 1 1 0 1 1,1.5,0.8413951416451951,10000,syndrome,False,,118587,160000,0.74116875,7432,0.7432,7432,0.7432,7393,0.7393,0,0.0,1.212265699985437,0.12122656999854371
wavelet_32_16,32,16,0.5,1 1 1 1 1 1 1 1 0 1 1 1 1 1 1 0 1 1 0 1 1 1 0 1 1 0 1 1,1.5,0.8413951416451951,10000,hard_mld,False,,31020,160000,0.193875,3864,0.3864,3864,0.3864,0,0.0,4163,0.4163,24.304374900006223,2.4304374900006223
wavelet_32_16,32,16,0.5,1 1 1 1 1 1 1 1 0 1 1 1 1 1 1 0 1 1 0 1 1 1 0 1 1 0 1 1,1.5,0.8413951416451951,10000,soft_mld,False,,8250,160000,0.0515625,1024,0.1024,1024,0.1024,0,0.0,1,0.0001,5.67152969999006,0.5671529699990061
wavelet_32_16,32,16,0.5,1 1 1 1 1 1 1 1 0 1 1 1 1 1 1 0 1 1 0 1 1 1 0 1 1 0 1 1,1.5,0.8413951416451951,10000,chase,False,,31969,160000,0.19980625,2370,0.237,2370,0.237,1625,0.1625,0,0.0,98.27254860004177,9.827254860004178
wavelet_32_16,32,16,0.5,1 1 1 1 1 1 1 1 0 1 1 1 1 1 1 0 1 1 0 1 1 1 0 1 1 0 1 1,2.0,0.7943282347242815,10000,syndrome,False,,105515,160000,0.65946875,6610,0.661,6610,0.661,6580,0.658,0,0.0,3.8189238000195473,0.38189238000195475
wavelet_32_16,32,16,0.5,1 1 1 1 1 1 1 1 0 1 1 1 1 1 1 0 1 1 0 1 1 1 0 1 1 0 1 1,2.0,0.7943282347242815,10000,hard_mld,False,,24472,160000,0.15295,3034,0.3034,3034,0.3034,0,0.0,3473,0.3473,40.066518100036774,4.006651810003678
wavelet_32_16,32,16,0.5,1 1 1 1 1 1 1 1 0 1 1 1 1 1 1 0 1 1 0 1 1 1 0 1 1 0 1 1,2.0,0.7943282347242815,10000,soft_mld,False,,4962,160000,0.0310125,614,0.0614,614,0.0614,0,0.0,0,0.0,8.086015500011854,0.8086015500011854
wavelet_32_16,32,16,0.5,1 1 1 1 1 1 1 1 0 1 1 1 1 1 1 0 1 1 0 1 1 1 0 1 1 0 1 1,2.0,0.7943282347242815,10000,chase,False,,21073,160000,0.13170625,1576,0.1576,1576,0.1576,1055,0.1055,0,0.0,97.99391060002381,9.799391060002382
wavelet_32_16,32,16,0.5,1 1 1 1 1 1 1 1 0 1 1 1 1 1 1 0 1 1 0 1 1 1 0 1 1 0 1 1,2.5,0.7498942093324559,10000,syndrome,False,,90186,160000,0.5636625,5650,0.565,5650,0.565,5624,0.5624,0,0.0,2.324331899988465,0.23243318999884652
wavelet_32_16,32,16,0.5,1 1 1 1 1 1 1 1 0 1 1 1 1 1 1 0 1 1 0 1 1 1 0 1 1 0 1 1,2.5,0.7498942093324559,10000,hard_mld,False,,18396,160000,0.114975,2297,0.2297,2297,0.2297,0,0.0,2768,0.2768,27.947899500024505,2.7947899500024507
wavelet_32_16,32,16,0.5,1 1 1 1 1 1 1 1 0 1 1 1 1 1 1 0 1 1 0 1 1 1 0 1 1 0 1 1,2.5,0.7498942093324559,10000,soft_mld,False,,2621,160000,0.01638125,324,0.0324,324,0.0324,0,0.0,0,0.0,7.654026000003796,0.7654026000003795
wavelet_32_16,32,16,0.5,1 1 1 1 1 1 1 1 0 1 1 1 1 1 1 0 1 1 0 1 1 1 0 1 1 0 1 1,2.5,0.7498942093324559,10000,chase,False,,12703,160000,0.07939375,948,0.0948,948,0.0948,629,0.0629,0,0.0,123.61226160003571,12.36122616000357
wavelet_32_16,32,16,0.5,1 1 1 1 1 1 1 1 0 1 1 1 1 1 1 0 1 1 0 1 1 1 0 1 1 0 1 1,3.0,0.7079457843841379,10000,syndrome,False,,74387,160000,0.46491875,4658,0.4658,4658,0.4658,4641,0.4641,0,0.0,5.7700660999980755,0.5770066099998076
wavelet_32_16,32,16,0.5,1 1 1 1 1 1 1 1 0 1 1 1 1 1 1 0 1 1 0 1 1 1 0 1 1 0 1 1,3.0,0.7079457843841379,10000,hard_mld,False,,13139,160000,0.08211875,1635,0.1635,1635,0.1635,0,0.0,2096,0.2096,41.06759890000103,4.106759890000103
wavelet_32_16,32,16,0.5,1 1 1 1 1 1 1 1 0 1 1 1 1 1 1 0 1 1 0 1 1 1 0 1 1 0 1 1,3.0,0.7079457843841379,10000,soft_mld,False,,1200,160000,0.0075,148,0.0148,148,0.0148,0,0.0,0,0.0,8.385466600011569,0.8385466600011569
wavelet_32_16,32,16,0.5,1 1 1 1 1 1 1 1 0 1 1 1 1 1 1 0 1 1 0 1 1 1 0 1 1 0 1 1,3.0,0.7079457843841379,10000,chase,False,,6978,160000,0.0436125,521,0.0521,521,0.0521,341,0.0341,0,0.0,105.83856810000725,10.583856810000725
wavelet_32_16,32,16,0.5,1 1 1 1 1 1 1 1 0 1 1 1 1 1 1 0 1 1 0 1 1 1 0 1 1 0 1 1,3.5,0.6683439175686147,10000,syndrome,False,,57932,160000,0.362075,3628,0.3628,3628,0.3628,3614,0.3614,0,0.0,2.350335599971004,0.2350335599971004
wavelet_32_16,32,16,0.5,1 1 1 1 1 1 1 1 0 1 1 1 1 1 1 0 1 1 0 1 1 1 0 1 1 0 1 1,3.5,0.6683439175686147,10000,hard_mld,False,,8940,160000,0.055875,1098,0.1098,1098,0.1098,0,0.0,1487,0.1487,22.89509669999825,2.289509669999825
wavelet_32_16,32,16,0.5,1 1 1 1 1 1 1 1 0 1 1 1 1 1 1 0 1 1 0 1 1 1 0 1 1 0 1 1,3.5,0.6683439175686147,10000,soft_mld,False,,579,160000,0.00361875,69,0.0069,69,0.0069,0,0.0,0,0.0,5.6922179000102915,0.5692217900010292
wavelet_32_16,32,16,0.5,1 1 1 1 1 1 1 1 0 1 1 1 1 1 1 0 1 1 0 1 1 1 0 1 1 0 1 1,3.5,0.6683439175686147,10000,chase,False,,3574,160000,0.0223375,267,0.0267,267,0.0267,175,0.0175,0,0.0,69.14454920002026,6.914454920002027
wavelet_64_32,64,32,0.5,1 0 0 1 0 0 1 1 1 1 0 0 0 1 0 0 1 1 1 1 1 0 1 0 0 0 1 1 1 1 1 1,0.0,1.0,10000,syndrome,False,,319616,320000,0.9988,9988,0.9988,9988,0.9988,9988,0.9988,0,0.0,0.38257429999066517,0.03825742999906651
wavelet_64_32,64,32,0.5,1 0 0 1 0 0 1 1 1 1 0 0 0 1 0 0 1 1 1 1 1 0 1 0 0 0 1 1 1 1 1 1,0.0,1.0,10000,hard_mld,True,Пропущено: k = 32 больше max_k_for_mld = 16,,,,,,,,,,,,,
wavelet_64_32,64,32,0.5,1 0 0 1 0 0 1 1 1 1 0 0 0 1 0 0 1 1 1 1 1 0 1 0 0 0 1 1 1 1 1 1,0.0,1.0,10000,soft_mld,True,Пропущено: k = 32 больше max_k_for_mld = 16,,,,,,,,,,,,,
wavelet_64_32,64,32,0.5,1 0 0 1 0 0 1 1 1 1 0 0 0 1 0 0 1 1 1 1 1 0 1 0 0 0 1 1 1 1 1 1,0.0,1.0,10000,chase,False,,310190,320000,0.96934375,9695,0.9695,9695,0.9695,9691,0.9691,0,0.0,100.33064770000055,10.033064770000056
wavelet_64_32,64,32,0.5,1 0 0 1 0 0 1 1 1 1 0 0 0 1 0 0 1 1 1 1 1 0 1 0 0 0 1 1 1 1 1 1,0.5,0.9440608762859234,10000,syndrome,False,,318976,320000,0.9968,9968,0.9968,9968,0.9968,9968,0.9968,0,0.0,0.4352299000020139,0.043522990000201385
wavelet_64_32,64,32,0.5,1 0 0 1 0 0 1 1 1 1 0 0 0 1 0 0 1 1 1 1 1 0 1 0 0 0 1 1 1 1 1 1,0.5,0.9440608762859234,10000,hard_mld,True,Пропущено: k = 32 больше max_k_for_mld = 16,,,,,,,,,,,,,
wavelet_64_32,64,32,0.5,1 0 0 1 0 0 1 1 1 1 0 0 0 1 0 0 1 1 1 1 1 0 1 0 0 0 1 1 1 1 1 1,0.5,0.9440608762859234,10000,soft_mld,True,Пропущено: k = 32 больше max_k_for_mld = 16,,,,,,,,,,,,,
wavelet_64_32,64,32,0.5,1 0 0 1 0 0 1 1 1 1 0 0 0 1 0 0 1 1 1 1 1 0 1 0 0 0 1 1 1 1 1 1,0.5,0.9440608762859234,10000,chase,False,,300293,320000,0.938415625,9386,0.9386,9386,0.9386,9381,0.9381,0,0.0,106.13786019996041,10.613786019996041
wavelet_64_32,64,32,0.5,1 0 0 1 0 0 1 1 1 1 0 0 0 1 0 0 1 1 1 1 1 0 1 0 0 0 1 1 1 1 1 1,1.0,0.8912509381337456,10000,syndrome,False,,317728,320000,0.9929,9929,0.9929,9929,0.9929,9929,0.9929,0,0.0,0.45560280000790954,0.04556028000079096
wavelet_64_32,64,32,0.5,1 0 0 1 0 0 1 1 1 1 0 0 0 1 0 0 1 1 1 1 1 0 1 0 0 0 1 1 1 1 1 1,1.0,0.8912509381337456,10000,hard_mld,True,Пропущено: k = 32 больше max_k_for_mld = 16,,,,,,,,,,,,,
wavelet_64_32,64,32,0.5,1 0 0 1 0 0 1 1 1 1 0 0 0 1 0 0 1 1 1 1 1 0 1 0 0 0 1 1 1 1 1 1,1.0,0.8912509381337456,10000,soft_mld,True,Пропущено: k = 32 больше max_k_for_mld = 16,,,,,,,,,,,,,
wavelet_64_32,64,32,0.5,1 0 0 1 0 0 1 1 1 1 0 0 0 1 0 0 1 1 1 1 1 0 1 0 0 0 1 1 1 1 1 1,1.0,0.8912509381337456,10000,chase,False,,283496,320000,0.885925,8862,0.8862,8862,0.8862,8854,0.8854,0,0.0,106.52833280002233,10.652833280002232
wavelet_64_32,64,32,0.5,1 0 0 1 0 0 1 1 1 1 0 0 0 1 0 0 1 1 1 1 1 0 1 0 0 0 1 1 1 1 1 1,1.5,0.8413951416451951,10000,syndrome,False,,315296,320000,0.9853,9853,0.9853,9853,0.9853,9853,0.9853,0,0.0,0.5043618000345305,0.05043618000345304
wavelet_64_32,64,32,0.5,1 0 0 1 0 0 1 1 1 1 0 0 0 1 0 0 1 1 1 1 1 0 1 0 0 0 1 1 1 1 1 1,1.5,0.8413951416451951,10000,hard_mld,True,Пропущено: k = 32 больше max_k_for_mld = 16,,,,,,,,,,,,,
wavelet_64_32,64,32,0.5,1 0 0 1 0 0 1 1 1 1 0 0 0 1 0 0 1 1 1 1 1 0 1 0 0 0 1 1 1 1 1 1,1.5,0.8413951416451951,10000,soft_mld,True,Пропущено: k = 32 больше max_k_for_mld = 16,,,,,,,,,,,,,
wavelet_64_32,64,32,0.5,1 0 0 1 0 0 1 1 1 1 0 0 0 1 0 0 1 1 1 1 1 0 1 0 0 0 1 1 1 1 1 1,1.5,0.8413951416451951,10000,chase,False,,256284,320000,0.8008875,8011,0.8011,8011,0.8011,8005,0.8005,0,0.0,109.25523960002465,10.925523960002465
wavelet_64_32,64,32,0.5,1 0 0 1 0 0 1 1 1 1 0 0 0 1 0 0 1 1 1 1 1 0 1 0 0 0 1 1 1 1 1 1,2.0,0.7943282347242815,10000,syndrome,False,,310784,320000,0.9712,9712,0.9712,9712,0.9712,9712,0.9712,0,0.0,0.6278723999857903,0.06278723999857903
wavelet_64_32,64,32,0.5,1 0 0 1 0 0 1 1 1 1 0 0 0 1 0 0 1 1 1 1 1 0 1 0 0 0 1 1 1 1 1 1,2.0,0.7943282347242815,10000,hard_mld,True,Пропущено: k = 32 больше max_k_for_mld = 16,,,,,,,,,,,,,
wavelet_64_32,64,32,0.5,1 0 0 1 0 0 1 1 1 1 0 0 0 1 0 0 1 1 1 1 1 0 1 0 0 0 1 1 1 1 1 1,2.0,0.7943282347242815,10000,soft_mld,True,Пропущено: k = 32 больше max_k_for_mld = 16,,,,,,,,,,,,,
wavelet_64_32,64,32,0.5,1 0 0 1 0 0 1 1 1 1 0 0 0 1 0 0 1 1 1 1 1 0 1 0 0 0 1 1 1 1 1 1,2.0,0.7943282347242815,10000,chase,False,,218706,320000,0.68345625,6837,0.6837,6837,0.6837,6830,0.683,0,0.0,118.9191254999605,11.89191254999605
wavelet_64_32,64,32,0.5,1 0 0 1 0 0 1 1 1 1 0 0 0 1 0 0 1 1 1 1 1 0 1 0 0 0 1 1 1 1 1 1,2.5,0.7498942093324559,10000,syndrome,False,,300928,320000,0.9404,9404,0.9404,9404,0.9404,9404,0.9404,0,0.0,0.9166926000034437,0.09166926000034437
wavelet_64_32,64,32,0.5,1 0 0 1 0 0 1 1 1 1 0 0 0 1 0 0 1 1 1 1 1 0 1 0 0 0 1 1 1 1 1 1,2.5,0.7498942093324559,10000,hard_mld,True,Пропущено: k = 32 больше max_k_for_mld = 16,,,,,,,,,,,,,
wavelet_64_32,64,32,0.5,1 0 0 1 0 0 1 1 1 1 0 0 0 1 0 0 1 1 1 1 1 0 1 0 0 0 1 1 1 1 1 1,2.5,0.7498942093324559,10000,soft_mld,True,Пропущено: k = 32 больше max_k_for_mld = 16,,,,,,,,,,,,,
wavelet_64_32,64,32,0.5,1 0 0 1 0 0 1 1 1 1 0 0 0 1 0 0 1 1 1 1 1 0 1 0 0 0 1 1 1 1 1 1,2.5,0.7498942093324559,10000,chase,False,,173917,320000,0.543490625,5436,0.5436,5436,0.5436,5433,0.5433,0,0.0,135.46847459999844,13.546847459999844
wavelet_64_32,64,32,0.5,1 0 0 1 0 0 1 1 1 1 0 0 0 1 0 0 1 1 1 1 1 0 1 0 0 0 1 1 1 1 1 1,3.0,0.7079457843841379,10000,syndrome,False,,284928,320000,0.8904,8904,0.8904,8904,0.8904,8904,0.8904,0,0.0,1.3745383999776095,0.13745383999776095
wavelet_64_32,64,32,0.5,1 0 0 1 0 0 1 1 1 1 0 0 0 1 0 0 1 1 1 1 1 0 1 0 0 0 1 1 1 1 1 1,3.0,0.7079457843841379,10000,hard_mld,True,Пропущено: k = 32 больше max_k_for_mld = 16,,,,,,,,,,,,,
wavelet_64_32,64,32,0.5,1 0 0 1 0 0 1 1 1 1 0 0 0 1 0 0 1 1 1 1 1 0 1 0 0 0 1 1 1 1 1 1,3.0,0.7079457843841379,10000,soft_mld,True,Пропущено: k = 32 больше max_k_for_mld = 16,,,,,,,,,,,,,
wavelet_64_32,64,32,0.5,1 0 0 1 0 0 1 1 1 1 0 0 0 1 0 0 1 1 1 1 1 0 1 0 0 0 1 1 1 1 1 1,3.0,0.7079457843841379,10000,chase,False,,123712,320000,0.3866,3867,0.3867,3867,0.3867,3864,0.3864,0,0.0,161.0116895000101,16.10116895000101
wavelet_64_32,64,32,0.5,1 0 0 1 0 0 1 1 1 1 0 0 0 1 0 0 1 1 1 1 1 0 1 0 0 0 1 1 1 1 1 1,3.5,0.6683439175686147,10000,syndrome,False,,260576,320000,0.8143,8143,0.8143,8143,0.8143,8143,0.8143,0,0.0,2.0818942000041716,0.20818942000041715
wavelet_64_32,64,32,0.5,1 0 0 1 0 0 1 1 1 1 0 0 0 1 0 0 1 1 1 1 1 0 1 0 0 0 1 1 1 1 1 1,3.5,0.6683439175686147,10000,hard_mld,True,Пропущено: k = 32 больше max_k_for_mld = 16,,,,,,,,,,,,,
wavelet_64_32,64,32,0.5,1 0 0 1 0 0 1 1 1 1 0 0 0 1 0 0 1 1 1 1 1 0 1 0 0 0 1 1 1 1 1 1,3.5,0.6683439175686147,10000,soft_mld,True,Пропущено: k = 32 больше max_k_for_mld = 16,,,,,,,,,,,,,
wavelet_64_32,64,32,0.5,1 0 0 1 0 0 1 1 1 1 0 0 0 1 0 0 1 1 1 1 1 0 1 0 0 0 1 1 1 1 1 1,3.5,0.6683439175686147,10000,chase,False,,78766,320000,0.24614375,2463,0.2463,2463,0.2463,2458,0.2458,0,0.0,195.02146640000865,19.502146640000866
