code_name,code_family,n,k,code_rate,h,g,bch_m,bch_designed_distance,bch_first_root,bch_primitive_polynomial,bch_shortening_count,bch_puncture_count,expected_min_distance,syndrome_t,chase_inner_t,chase_p,ebn0_db,sigma,message_count,decoder,skipped,skip_reason,syndrome_table_build_time_sec,syndrome_table_pattern_count,syndrome_table_entry_count,syndrome_table_collision_count,syndrome_table_memory_bytes,bit_errors,total_bits,ber,pessimistic_ber,ber_on_success,success_count,successful_decoded_bits,bit_errors_on_success,frame_errors,frame_error_rate,codeword_errors,codeword_error_rate,failure_count,failure_rate,miscorrection_count,miscorrection_rate,conditional_miscorrection_rate,ambiguous_count,ambiguous_rate,total_time_sec,avg_time_ms,average_decoding_time_ms
wavelet_16_8_equal,wavelet,16,8,0.5,1 0 0 1 0 1 0,1 1 1 1 0 1 1,,,,,,,5,1,1,4,0.0,1.0,20000,syndrome,False,,0.000126457000078517,17,17,0,1584,118106,160000,0.7381625,0.7381625,0.02553963528098251,5374,42992,1098,14952,0.7476,14952,0.7476,14626,0.7313,326,0.0163,0.06066244882768887,0,0.0,1.164227741999639,0.05821138709998195,0.05821138709998195
wavelet_16_8_equal,wavelet,16,8,0.5,1 0 0 1 0 1 0,1 1 1 1 0 1 1,,,,,,,5,1,1,4,0.0,1.0,20000,hard_mld,False,,0.0,,,,,32041,160000,0.20025625,0.20025625,0.20025625,20000,160000,32041,8533,0.42665,8533,0.42665,0,0.0,8533,0.42665,0.42665,5242,0.2621,0.15500358000008418,0.00775017900000421,0.00775017900000421
wavelet_16_8_equal,wavelet,16,8,0.5,1 0 0 1 0 1 0,1 1 1 1 0 1 1,,,,,,,5,1,1,4,0.0,1.0,20000,soft_mld,False,,0.0,,,,,17546,160000,0.1096625,0.1096625,0.1096625,20000,160000,17546,4763,0.23815,4763,0.23815,0,0.0,4763,0.23815,0.23815,2,0.0001,0.029760460000034072,0.0014880230000017035,0.0014880230000017035
wavelet_16_8_equal,wavelet,16,8,0.5,1 0 0 1 0 1 0,1 1 1 1 0 1 1,,,,,,,5,1,1,4,0.0,1.0,20000,chase,False,,0.000126457000078517,17,17,0,1584,33849,160000,0.21155625,0.21155625,0.10566725272232305,17632,141056,14905,6491,0.32455,6491,0.32455,2368,0.1184,4123,0.20615,0.2338362068965517,0,0.0,17.366651966000063,0.8683325983000032,0.8683325983000032
wavelet_16_8_equal,wavelet,16,8,0.5,1 0 0 1 0 1 0,1 1 1 1 0 1 1,,,,,,,5,1,1,4,0.5,0.9440608762859234,20000,syndrome,False,,0.000126457000078517,17,17,0,1584,110529,160000,0.69080625,0.69080625,0.015463302021971024,6281,50248,777,13951,0.69755,13951,0.69755,13719,0.68595,232,0.0116,0.03693679350421907,0,0.0,1.332105022000178,0.0666052511000089,0.0666052511000089
wavelet_16_8_equal,wavelet,16,8,0.5,1 0 0 1 0 1 0,1 1 1 1 0 1 1,,,,,,,5,1,1,4,0.5,0.9440608762859234,20000,hard_mld,False,,0.0,,,,,27601,160000,0.17250625,0.17250625,0.17250625,20000,160000,27601,7348,0.3674,7348,0.3674,0,0.0,7348,0.3674,0.3674,4551,0.22755,0.15950994600007107,0.007975497300003555,0.007975497300003555
wavelet_16_8_equal,wavelet,16,8,0.5,1 0 0 1 0 1 0,1 1 1 1 0 1 1,,,,,,,5,1,1,4,0.5,0.9440608762859234,20000,soft_mld,False,,0.0,,,,,13215,160000,0.08259375,0.08259375,0.08259375,20000,160000,13215,3622,0.1811,3622,0.1811,0,0.0,3622,0.1811,0.1811,0,0.0,0.020259473999885813,0.0010129736999942907,0.0010129736999942907
wavelet_16_8_equal,wavelet,16,8,0.5,1 0 0 1 0 1 0,1 1 1 1 0 1 1,,,,,,,5,1,1,4,0.5,0.9440608762859234,20000,chase,False,,0.000126457000078517,17,17,0,1584,27444,160000,0.171525,0.171525,0.08186956280822297,18047,144376,11820,5238,0.2619,5238,0.2619,1953,0.09765,3285,0.16425,0.1820247132487394,0,0.0,16.626492460999998,0.8313246230499999,0.8313246230499999
wavelet_16_8_equal,wavelet,16,8,0.5,1 0 0 1 0 1 0,1 1 1 1 0 1 1,,,,,,,5,1,1,4,1.0,0.8912509381337456,20000,syndrome,False,,0.000126457000078517,17,17,0,1584,101540,160000,0.634625,0.634625,0.01049424509140149,7385,59080,620,12799,0.63995,12799,0.63995,12615,0.63075,184,0.0092,0.024915368991198374,0,0.0,1.4470985540001493,0.07235492770000747,0.07235492770000747
wavelet_16_8_equal,wavelet,16,8,0.5,1 0 0 1 0 1 0,1 1 1 1 0 1 1,,,,,,,5,1,1,4,1.0,0.8912509381337456,20000,hard_mld,False,,0.0,,,,,22933,160000,0.14333125,0.14333125,0.14333125,20000,160000,22933,6130,0.3065,6130,0.3065,0,0.0,6130,0.3065,0.3065,3910,0.1955,0.15207828100028564,0.007603914050014282,0.007603914050014282
wavelet_16_8_equal,wavelet,16,8,0.5,1 0 0 1 0 1 0,1 1 1 1 0 1 1,,,,,,,5,1,1,4,1.0,0.8912509381337456,20000,soft_mld,False,,0.0,,,,,9696,160000,0.0606,0.0606,0.0606,20000,160000,9696,2680,0.134,2680,0.134,0,0.0,2680,0.134,0.134,0,0.0,0.023210745000142197,0.0011605372500071097,0.0011605372500071097
wavelet_16_8_equal,wavelet,16,8,0.5,1 0 0 1 0 1 0,1 1 1 1 0 1 1,,,,,,,5,1,1,4,1.0,0.8912509381337456,20000,chase,False,,0.000126457000078517,17,17,0,1584,21342,160000,0.1333875,0.1333875,0.06175228712174525,18473,147784,9126,4106,0.2053,4106,0.2053,1527,0.07635,2579,0.12895,0.1396091593135928,0,0.0,17.18302165499972,0.8591510827499861,0.8591510827499861
wavelet_16_8_equal,wavelet,16,8,0.5,1 0 0 1 0 1 0,1 1 1 1 0 1 1,,,,,,,5,1,1,4,1.5,0.8413951416451951,20000,syndrome,False,,0.000126457000078517,17,17,0,1584,91667,160000,0.57291875,0.57291875,0.00724953509995351,8604,68832,499,11553,0.57765,11553,0.57765,11396,0.5698,157,0.00785,0.018247326824732683,0,0.0,1.5756177329999446,0.07878088664999723,0.07878088664999723
wavelet_16_8_equal,wavelet,16,8,0.5,1 0 0 1 0 1 0,1 1 1 1 0 1 1,,,,,,,5,1,1,4,1.5,0.8413951416451951,20000,hard_mld,False,,0.0,,,,,18692,160000,0.116825,0.116825,0.116825,20000,160000,18692,5008,0.2504,5008,0.2504,0,0.0,5008,0.2504,0.2504,3265,0.16325,0.14718936600002053,0.007359468300001026,0.007359468300001026
wavelet_16_8_equal,wavelet,16,8,0.5,1 0 0 1 0 1 0,1 1 1 1 0 1 1,,,,,,,5,1,1,4,1.5,0.8413951416451951,20000,soft_mld,False,,0.0,,,,,6915,160000,0.04321875,0.04321875,0.04321875,20000,160000,6915,1931,0.09655,1931,0.09655,0,0.0,1931,0.09655,0.09655,0,0.0,0.021117451999998593,0.0010558725999999297,0.0010558725999999297
wavelet_16_8_equal,wavelet,16,8,0.5,1 0 0 1 0 1 0,1 1 1 1 0 1 1,,,,,,,5,1,1,4,1.5,0.8413951416451951,20000,chase,False,,0.000126457000078517,17,17,0,1584,15941,160000,0.09963125,0.09963125,0.04520811240721103,18860,150880,6821,3073,0.15365,3073,0.15365,1140,0.057,1933,0.09665,0.10249204665959703,0,0.0,17.825385036999705,0.8912692518499853,0.8912692518499853
wavelet_16_8_equal,wavelet,16,8,0.5,1 0 0 1 0 1 0,1 1 1 1 0 1 1,,,,,,,5,1,1,4,2.0,0.7943282347242815,20000,syndrome,False,,0.000126457000078517,17,17,0,1584,81041,160000,0.50650625,0.50650625,0.004350348027842227,9913,79304,345,10191,0.50955,10191,0.50955,10087,0.50435,104,0.0052,0.010491274084535459,0,0.0,1.7602878610000516,0.08801439305000258,0.08801439305000258
wavelet_16_8_equal,wavelet,16,8,0.5,1 0 0 1 0 1 0,1 1 1 1 0 1 1,,,,,,,5,1,1,4,2.0,0.7943282347242815,20000,hard_mld,False,,0.0,,,,,14815,160000,0.09259375,0.09259375,0.09259375,20000,160000,14815,3968,0.1984,3968,0.1984,0,0.0,3968,0.1984,0.1984,2613,0.13065,0.1400816529999247,0.007004082649996235,0.007004082649996235
wavelet_16_8_equal,wavelet,16,8,0.5,1 0 0 1 0 1 0,1 1 1 1 0 1 1,,,,,,,5,1,1,4,2.0,0.7943282347242815,20000,soft_mld,False,,0.0,,,,,4494,160000,0.0280875,0.0280875,0.0280875,20000,160000,4494,1255,0.06275,1255,0.06275,0,0.0,1255,0.06275,0.06275,1,5e-05,0.020173525000245718,0.0010086762500122858,0.0010086762500122858
wavelet_16_8_equal,wavelet,16,8,0.5,1 0 0 1 0 1 0,1 1 1 1 0 1 1,,,,,,,5,1,1,4,2.0,0.7943282347242815,20000,chase,False,,0.000126457000078517,17,17,0,1584,11046,160000,0.0690375,0.0690375,0.030247395833333333,19200,153600,4646,2122,0.1061,2122,0.1061,800,0.04,1322,0.0661,0.06885416666666666,0,0.0,18.486964009000076,0.9243482004500038,0.9243482004500038
wavelet_16_8_equal,wavelet,16,8,0.5,1 0 0 1 0 1 0,1 1 1 1 0 1 1,,,,,,,5,1,1,4,2.5,0.7498942093324559,20000,syndrome,False,,0.000126457000078517,17,17,0,1584,69541,160000,0.43463125,0.43463125,0.002349126521969296,11334,90672,213,8731,0.43655,8731,0.43655,8666,0.4333,65,0.00325,0.005734956767248985,0,0.0,1.8988425719999213,0.09494212859999607,0.09494212859999607
wavelet_16_8_equal,wavelet,16,8,0.5,1 0 0 1 0 1 0,1 1 1 1 0 1 1,,,,,,,5,1,1,4,2.5,0.7498942093324559,20000,hard_mld,False,,0.0,,,,,11052,160000,0.069075,0.069075,0.069075,20000,160000,11052,2985,0.14925,2985,0.14925,0,0.0,2985,0.14925,0.14925,1979,0.09895,0.13569690800022727,0.006784845400011363,0.006784845400011363
wavelet_16_8_equal,wavelet,16,8,0.5,1 0 0 1 0 1 0,1 1 1 1 0 1 1,,,,,,,5,1,1,4,2.5,0.7498942093324559,20000,soft_mld,False,,0.0,,,,,2685,160000,0.01678125,0.01678125,0.01678125,20000,160000,2685,774,0.0387,774,0.0387,0,0.0,774,0.0387,0.0387,0,0.0,0.021336001000236138,0.0010668000500118069,0.0010668000500118069
wavelet_16_8_equal,wavelet,16,8,0.5,1 0 0 1 0 1 0,1 1 1 1 0 1 1,,,,,,,5,1,1,4,2.5,0.7498942093324559,20000,chase,False,,0.000126457000078517,17,17,0,1584,7220,160000,0.045125,0.045125,0.019685847749088856,19481,155848,3068,1404,0.0702,1404,0.0702,519,0.02595,885,0.04425,0.04542887942097428,0,0.0,19.209339114999693,0.9604669557499846,0.9604669557499846
wavelet_16_8_equal,wavelet,16,8,0.5,1 0 0 1 0 1 0,1 1 1 1 0 1 1,,,,,,,5,1,1,4,3.0,0.7079457843841379,20000,syndrome,False,,0.000126457000078517,17,17,0,1584,58466,160000,0.3654125,0.3654125,0.0012001259148500826,12707,101656,122,7334,0.3667,7334,0.3667,7293,0.36465,41,0.00205,0.003226568033367435,0,0.0,2.0582848540002487,0.10291424270001244,0.10291424270001244
wavelet_16_8_equal,wavelet,16,8,0.5,1 0 0 1 0 1 0,1 1 1 1 0 1 1,,,,,,,5,1,1,4,3.0,0.7079457843841379,20000,hard_mld,False,,0.0,,,,,8035,160000,0.05021875,0.05021875,0.05021875,20000,160000,8035,2174,0.1087,2174,0.1087,0,0.0,2174,0.1087,0.1087,1456,0.0728,0.15204485000003842,0.007602242500001921,0.007602242500001921
wavelet_16_8_equal,wavelet,16,8,0.5,1 0 0 1 0 1 0,1 1 1 1 0 1 1,,,,,,,5,1,1,4,3.0,0.7079457843841379,20000,soft_mld,False,,0.0,,,,,1454,160000,0.0090875,0.0090875,0.0090875,20000,160000,1454,417,0.02085,417,0.02085,0,0.0,417,0.02085,0.02085,0,0.0,0.023825056000077893,0.0011912528000038946,0.0011912528000038946
wavelet_16_8_equal,wavelet,16,8,0.5,1 0 0 1 0 1 0,1 1 1 1 0 1 1,,,,,,,5,1,1,4,3.0,0.7079457843841379,20000,chase,False,,0.000126457000078517,17,17,0,1584,4204,160000,0.026275,0.026275,0.011948249619482496,19710,157680,1884,829,0.04145,829,0.04145,290,0.0145,539,0.02695,0.02734652460679858,0,0.0,19.93766984499962,0.9968834922499809,0.9968834922499809
wavelet_16_8_equal,wavelet,16,8,0.5,1 0 0 1 0 1 0,1 1 1 1 0 1 1,,,,,,,5,1,1,4,3.5,0.6683439175686147,20000,syndrome,False,,0.000126457000078517,17,17,0,1584,47125,160000,0.29453125,0.29453125,0.000823241980029743,14121,112968,93,5905,0.29525,5905,0.29525,5879,0.29395,26,0.0013,0.0018412293746901778,0,0.0,2.22241280299977,0.1111206401499885,0.1111206401499885
wavelet_16_8_equal,wavelet,16,8,0.5,1 0 0 1 0 1 0,1 1 1 1 0 1 1,,,,,,,5,1,1,4,3.5,0.6683439175686147,20000,hard_mld,False,,0.0,,,,,5580,160000,0.034875,0.034875,0.034875,20000,160000,5580,1510,0.0755,1510,0.0755,0,0.0,1510,0.0755,0.0755,1031,0.05155,0.15128031200038095,0.007564015600019047,0.007564015600019047
wavelet_16_8_equal,wavelet,16,8,0.5,1 0 0 1 0 1 0,1 1 1 1 0 1 1,,,,,,,5,1,1,4,3.5,0.6683439175686147,20000,soft_mld,False,,0.0,,,,,760,160000,0.00475,0.00475,0.00475,20000,160000,760,215,0.01075,215,0.01075,0,0.0,215,0.01075,0.01075,0,0.0,0.024608751999949163,0.0012304375999974582,0.0012304375999974582
wavelet_16_8_equal,wavelet,16,8,0.5,1 0 0 1 0 1 0,1 1 1 1 0 1 1,,,,,,,5,1,1,4,3.5,0.6683439175686147,20000,chase,False,,0.000126457000078517,17,17,0,1584,2300,160000,0.014375,0.014375,0.006526559822598529,19842,158736,1036,450,0.0225,450,0.0225,158,0.0079,292,0.0146,0.014716258441689346,0,0.0,20.508254868999757,1.0254127434499878,1.0254127434499878
wavelet_16_8_equal,wavelet,16,8,0.5,1 0 0 1 0 1 0,1 1 1 1 0 1 1,,,,,,,5,1,1,4,4.0,0.6309573444801932,20000,syndrome,False,,0.000126457000078517,17,17,0,1584,36092,160000,0.225575,0.225575,0.0004839958699019102,15496,123968,60,4519,0.22595,4519,0.22595,4504,0.2252,15,0.00075,0.0009679917398038204,0,0.0,2.4222116329997334,0.12111058164998667,0.12111058164998667
wavelet_16_8_equal,wavelet,16,8,0.5,1 0 0 1 0 1 0,1 1 1 1 0 1 1,,,,,,,5,1,1,4,4.0,0.6309573444801932,20000,hard_mld,False,,0.0,,,,,3508,160000,0.021925,0.021925,0.021925,20000,160000,3508,959,0.04795,959,0.04795,0,0.0,959,0.04795,0.04795,671,0.03355,0.1373948370001017,0.006869741850005084,0.006869741850005084
wavelet_16_8_equal,wavelet,16,8,0.5,1 0 0 1 0 1 0,1 1 1 1 0 1 1,,,,,,,5,1,1,4,4.0,0.6309573444801932,20000,soft_mld,False,,0.0,,,,,378,160000,0.0023625,0.0023625,0.0023625,20000,160000,378,110,0.0055,110,0.0055,0,0.0,110,0.0055,0.0055,0,0.0,0.020897301999866613,0.0010448650999933307,0.0010448650999933307
wavelet_16_8_equal,wavelet,16,8,0.5,1 0 0 1 0 1 0,1 1 1 1 0 1 1,,,,,,,5,1,1,4,4.0,0.6309573444801932,20000,chase,False,,0.000126457000078517,17,17,0,1584,1190,160000,0.0074375,0.0074375,0.0033011999799166542,19917,159336,526,231,0.01155,231,0.01155,83,0.00415,148,0.0074,0.007430837977607069,0,0.0,21.024738418000197,1.0512369209000099,1.0512369209000099
wavelet_16_8_equal,wavelet,16,8,0.5,1 0 0 1 0 1 0,1 1 1 1 0 1 1,,,,,,,5,1,1,4,4.5,0.5956621435290105,20000,syndrome,False,,0.000126457000078517,17,17,0,1584,26410,160000,0.1650625,0.1650625,0.00019458747455394564,16702,133616,26,3304,0.1652,3304,0.1652,3298,0.1649,6,0.0003,0.0003592384145611304,0,0.0,2.5488967900000716,0.12744483950000357,0.12744483950000357
wavelet_16_8_equal,wavelet,16,8,0.5,1 0 0 1 0 1 0,1 1 1 1 0 1 1,,,,,,,5,1,1,4,4.5,0.5956621435290105,20000,hard_mld,False,,0.0,,,,,2048,160000,0.0128,0.0128,0.0128,20000,160000,2048,558,0.0279,558,0.0279,0,0.0,558,0.0279,0.0279,393,0.01965,0.14201969800024017,0.007100984900012009,0.007100984900012009
wavelet_16_8_equal,wavelet,16,8,0.5,1 0 0 1 0 1 0,1 1 1 1 0 1 1,,,,,,,5,1,1,4,4.5,0.5956621435290105,20000,soft_mld,False,,0.0,,,,,170,160000,0.0010625,0.0010625,0.0010625,20000,160000,170,49,0.00245,49,0.00245,0,0.0,49,0.00245,0.00245,0,0.0,0.022819355000137875,0.001140967750006894,0.001140967750006894
wavelet_16_8_equal,wavelet,16,8,0.5,1 0 0 1 0 1 0,1 1 1 1 0 1 1,,,,,,,5,1,1,4,4.5,0.5956621435290105,20000,chase,False,,0.000126457000078517,17,17,0,1584,593,160000,0.00370625,0.00370625,0.0017596813786884425,19961,159688,281,119,0.00595,119,0.00595,39,0.00195,80,0.004,0.004007815239717449,0,0.0,21.539831269999922,1.076991563499996,1.076991563499996
wavelet_16_8_equal,wavelet,16,8,0.5,1 0 0 1 0 1 0,1 1 1 1 0 1 1,,,,,,,5,1,1,4,5.0,0.5623413251903491,20000,syndrome,False,,0.000126457000078517,17,17,0,1584,18455,160000,0.11534375,0.11534375,0.00010596213619666572,17695,141560,15,2308,0.1154,2308,0.1154,2305,0.11525,3,0.00015,0.00016953941791466516,0,0.0,2.6663462369997433,0.13331731184998716,0.13331731184998716
wavelet_16_8_equal,wavelet,16,8,0.5,1 0 0 1 0 1 0,1 1 1 1 0 1 1,,,,,,,5,1,1,4,5.0,0.5623413251903491,20000,hard_mld,False,,0.0,,,,,1189,160000,0.00743125,0.00743125,0.00743125,20000,160000,1189,328,0.0164,328,0.0164,0,0.0,328,0.0164,0.0164,225,0.01125,0.15178026400008093,0.007589013200004047,0.007589013200004047
wavelet_16_8_equal,wavelet,16,8,0.5,1 0 0 1 0 1 0,1 1 1 1 0 1 1,,,,,,,5,1,1,4,5.0,0.5623413251903491,20000,soft_mld,False,,0.0,,,,,94,160000,0.0005875,0.0005875,0.0005875,20000,160000,94,27,0.00135,27,0.00135,0,0.0,27,0.00135,0.00135,0,0.0,0.022932878000119672,0.0011466439000059835,0.0011466439000059835
wavelet_16_8_equal,wavelet,16,8,0.5,1 0 0 1 0 1 0,1 1 1 1 0 1 1,,,,,,,5,1,1,4,5.0,0.5623413251903491,20000,chase,False,,0.000126457000078517,17,17,0,1584,298,160000,0.0018625,0.0018625,0.0008633633633633634,19980,159840,138,60,0.003,60,0.003,20,0.001,40,0.002,0.002002002002002002,0,0.0,21.656574399999954,1.0828287199999977,1.0828287199999977
bch_derived_16_8_equal,bch_derived,16,8,0.5,,,5,11,1,,3,12,5,1,1,4,0.0,1.0,20000,syndrome,False,,7.603899985042517e-05,17,17,0,1584,117468,160000,0.734175,0.734175,0.018733850129198967,5418,43344,812,14892,0.7446,14892,0.7446,14582,0.7291,310,0.0155,0.05721668512366187,0,0.0,1.103203171000132,0.0551601585500066,0.0551601585500066
bch_derived_16_8_equal,bch_derived,16,8,0.5,,,5,11,1,,3,12,5,1,1,4,0.0,1.0,20000,hard_mld,False,,0.0,,,,,24812,160000,0.155075,0.155075,0.155075,20000,160000,24812,8551,0.42755,8551,0.42755,0,0.0,8551,0.42755,0.42755,5192,0.2596,0.14979752899989762,0.007489876449994881,0.007489876449994881
bch_derived_16_8_equal,bch_derived,16,8,0.5,,,5,11,1,,3,12,5,1,1,4,0.0,1.0,20000,soft_mld,False,,0.0,,,,,13504,160000,0.0844,0.0844,0.0844,20000,160000,13504,4710,0.2355,4710,0.2355,0,0.0,4710,0.2355,0.2355,1,5e-05,0.02467867900031706,0.001233933950015853,0.001233933950015853
bch_derived_16_8_equal,bch_derived,16,8,0.5,,,5,11,1,,3,12,5,1,1,4,0.0,1.0,20000,chase,False,,7.603899985042517e-05,17,17,0,1584,30450,160000,0.1903125,0.1903125,0.08157044010889292,17632,141056,11506,6438,0.3219,6438,0.3219,2368,0.1184,4070,0.2035,0.23083030852994554,0,0.0,14.72179362199995,0.7360896810999975,0.7360896810999975
bch_derived_16_8_equal,bch_derived,16,8,0.5,,,5,11,1,,3,12,5,1,1,4,0.5,0.9440608762859234,20000,syndrome,False,,7.603899985042517e-05,17,17,0,1584,109948,160000,0.687175,0.687175,0.01239147592738753,6335,50680,628,13904,0.6952,13904,0.6952,13665,0.68325,239,0.01195,0.037726913970007894,0,0.0,1.2027266830000372,0.06013633415000186,0.06013633415000186
bch_derived_16_8_equal,bch_derived,16,8,0.5,,,5,11,1,,3,12,5,1,1,4,0.5,0.9440608762859234,20000,hard_mld,False,,0.0,,,,,21374,160000,0.1335875,0.1335875,0.1335875,20000,160000,21374,7391,0.36955,7391,0.36955,0,0.0,7391,0.36955,0.36955,4503,0.22515,0.13797509699998045,0.0068987548499990226,0.0068987548499990226
bch_derived_16_8_equal,bch_derived,16,8,0.5,,,5,11,1,,3,12,5,1,1,4,0.5,0.9440608762859234,20000,soft_mld,False,,0.0,,,,,10359,160000,0.06474375,0.06474375,0.06474375,20000,160000,10359,3637,0.18185,3637,0.18185,0,0.0,3637,0.18185,0.18185,0,0.0,0.022778481999921496,0.001138924099996075,0.001138924099996075
bch_derived_16_8_equal,bch_derived,16,8,0.5,,,5,11,1,,3,12,5,1,1,4,0.5,0.9440608762859234,20000,chase,False,,7.603899985042517e-05,17,17,0,1584,24757,160000,0.15473125,0.15473125,0.06315461346633416,18045,144360,9117,5207,0.26035,5207,0.26035,1955,0.09775,3252,0.1626,0.18021612635078968,0,0.0,15.88462345500011,0.7942311727500055,0.7942311727500055
bch_derived_16_8_equal,bch_derived,16,8,0.5,,,5,11,1,,3,12,5,1,1,4,1.0,0.8912509381337456,20000,syndrome,False,,7.603899985042517e-05,17,17,0,1584,100839,160000,0.63024375,0.63024375,0.008563480359297493,7459,59672,511,12730,0.6365,12730,0.6365,12541,0.62705,189,0.00945,0.02533851722751039,0,0.0,1.4013562679997449,0.07006781339998724,0.07006781339998724
bch_derived_16_8_equal,bch_derived,16,8,0.5,,,5,11,1,,3,12,5,1,1,4,1.0,0.8912509381337456,20000,hard_mld,False,,0.0,,,,,17730,160000,0.1108125,0.1108125,0.1108125,20000,160000,17730,6188,0.3094,6188,0.3094,0,0.0,6188,0.3094,0.3094,3885,0.19425,0.15181875700000091,0.007590937850000046,0.007590937850000046
bch_derived_16_8_equal,bch_derived,16,8,0.5,,,5,11,1,,3,12,5,1,1,4,1.0,0.8912509381337456,20000,soft_mld,False,,0.0,,,,,7482,160000,0.0467625,0.0467625,0.0467625,20000,160000,7482,2654,0.1327,2654,0.1327,0,0.0,2654,0.1327,0.1327,1,5e-05,0.02426563300014095,0.0012132816500070476,0.0012132816500070476
bch_derived_16_8_equal,bch_derived,16,8,0.5,,,5,11,1,,3,12,5,1,1,4,1.0,0.8912509381337456,20000,chase,False,,7.603899985042517e-05,17,17,0,1584,19247,160000,0.12029375,0.12029375,0.04690547128927411,18460,147680,6927,4031,0.20155,4031,0.20155,1540,0.077,2491,0.12455,0.1349404117009751,0,0.0,16.66523112999994,0.8332615564999969,0.8332615564999969
bch_derived_16_8_equal,bch_derived,16,8,0.5,,,5,11,1,,3,12,5,1,1,4,1.5,0.8413951416451951,20000,syndrome,False,,7.603899985042517e-05,17,17,0,1584,91134,160000,0.5695875,0.5695875,0.0050566343042071195,8652,69216,350,11480,0.574,11480,0.574,11348,0.5674,132,0.0066,0.015256588072122053,0,0.0,1.5828909349997957,0.07914454674998979,0.07914454674998979
bch_derived_16_8_equal,bch_derived,16,8,0.5,,,5,11,1,,3,12,5,1,1,4,1.5,0.8413951416451951,20000,hard_mld,False,,0.0,,,,,14242,160000,0.0890125,0.0890125,0.0890125,20000,160000,14242,5023,0.25115,5023,0.25115,0,0.0,5023,0.25115,0.25115,3210,0.1605,0.14329389400018044,0.007164694700009022,0.007164694700009022
bch_derived_16_8_equal,bch_derived,16,8,0.5,,,5,11,1,,3,12,5,1,1,4,1.5,0.8413951416451951,20000,soft_mld,False,,0.0,,,,,5170,160000,0.0323125,0.0323125,0.0323125,20000,160000,5170,1858,0.0929,1858,0.0929,0,0.0,1858,0.0929,0.0929,0,0.0,0.02531385300017064,0.001265692650008532,0.001265692650008532
bch_derived_16_8_equal,bch_derived,16,8,0.5,,,5,11,1,,3,12,5,1,1,4,1.5,0.8413951416451951,20000,chase,False,,7.603899985042517e-05,17,17,0,1584,14230,160000,0.0889375,0.0889375,0.033970416710847204,18862,150896,5126,2983,0.14915,2983,0.14915,1138,0.0569,1845,0.09225,0.09781571413423815,0,0.0,17.595134288999816,0.8797567144499908,0.8797567144499908
bch_derived_16_8_equal,bch_derived,16,8,0.5,,,5,11,1,,3,12,5,1,1,4,2.0,0.7943282347242815,20000,syndrome,False,,7.603899985042517e-05,17,17,0,1584,80566,160000,0.5035375,0.5035375,0.0030873493975903613,9960,79680,246,10135,0.50675,10135,0.50675,10040,0.502,95,0.00475,0.009538152610441768,0,0.0,1.6554210840004089,0.08277105420002044,0.08277105420002044
bch_derived_16_8_equal,bch_derived,16,8,0.5,,,5,11,1,,3,12,5,1,1,4,2.0,0.7943282347242815,20000,hard_mld,False,,0.0,,,,,11098,160000,0.0693625,0.0693625,0.0693625,20000,160000,11098,3936,0.1968,3936,0.1968,0,0.0,3936,0.1968,0.1968,2557,0.12785,0.14641543300012927,0.007320771650006464,0.007320771650006464
bch_derived_16_8_equal,bch_derived,16,8,0.5,,,5,11,1,,3,12,5,1,1,4,2.0,0.7943282347242815,20000,soft_mld,False,,0.0,,,,,3386,160000,0.0211625,0.0211625,0.0211625,20000,160000,3386,1220,0.061,1220,0.061,0,0.0,1220,0.061,0.061,0,0.0,0.02320728099994085,0.0011603640499970426,0.0011603640499970426
bch_derived_16_8_equal,bch_derived,16,8,0.5,,,5,11,1,,3,12,5,1,1,4,2.0,0.7943282347242815,20000,chase,False,,7.603899985042517e-05,17,17,0,1584,9746,160000,0.0609125,0.0609125,0.02305591677503251,19225,153800,3546,2056,0.1028,2056,0.1028,775,0.03875,1281,0.06405,0.06663198959687906,0,0.0,17.722574482000255,0.8861287241000128,0.8861287241000128
bch_derived_16_8_equal,bch_derived,16,8,0.5,,,5,11,1,,3,12,5,1,1,4,2.5,0.7498942093324559,20000,syndrome,False,,7.603899985042517e-05,17,17,0,1584,69329,160000,0.43330625,0.43330625,0.0016845767638509646,11353,90824,153,8710,0.4355,8710,0.4355,8647,0.43235,63,0.00315,0.005549194045626707,0,0.0,1.782202351000251,0.08911011755001255,0.08911011755001255
bch_derived_16_8_equal,bch_derived,16,8,0.5,,,5,11,1,,3,12,5,1,1,4,2.5,0.7498942093324559,20000,hard_mld,False,,0.0,,,,,8280,160000,0.05175,0.05175,0.05175,20000,160000,8280,2970,0.1485,2970,0.1485,0,0.0,2970,0.1485,0.1485,1941,0.09705,0.133999815000152,0.006699990750007601,0.006699990750007601
bch_derived_16_8_equal,bch_derived,16,8,0.5,,,5,11,1,,3,12,5,1,1,4,2.5,0.7498942093324559,20000,soft_mld,False,,0.0,,,,,2101,160000,0.01313125,0.01313125,0.01313125,20000,160000,2101,770,0.0385,770,0.0385,0,0.0,770,0.0385,0.0385,1,5e-05,0.02116841800034308,0.001058420900017154,0.001058420900017154
bch_derived_16_8_equal,bch_derived,16,8,0.5,,,5,11,1,,3,12,5,1,1,4,2.5,0.7498942093324559,20000,chase,False,,7.603899985042517e-05,17,17,0,1584,6483,160000,0.04051875,0.04051875,0.014855742081215668,19479,155832,2315,1375,0.06875,1375,0.06875,521,0.02605,854,0.0427,0.04384208634940192,0,0.0,18.220406987999922,0.9110203493999961,0.9110203493999961
bch_derived_16_8_equal,bch_derived,16,8,0.5,,,5,11,1,,3,12,5,1,1,4,3.0,0.7079457843841379,20000,syndrome,False,,7.603899985042517e-05,17,17,0,1584,58331,160000,0.36456875,0.36456875,0.0008157087821369604,12719,101752,83,7314,0.3657,7314,0.3657,7281,0.36405,33,0.00165,0.0025945435961946695,0,0.0,1.9734547540001586,0.09867273770000792,0.09867273770000792
bch_derived_16_8_equal,bch_derived,16,8,0.5,,,5,11,1,,3,12,5,1,1,4,3.0,0.7079457843841379,20000,hard_mld,False,,0.0,,,,,5970,160000,0.0373125,0.0373125,0.0373125,20000,160000,5970,2137,0.10685,2137,0.10685,0,0.0,2137,0.10685,0.10685,1461,0.07305,0.1492555509998965,0.007462777549994825,0.007462777549994825
bch_derived_16_8_equal,bch_derived,16,8,0.5,,,5,11,1,,3,12,5,1,1,4,3.0,0.7079457843841379,20000,soft_mld,False,,0.0,,,,,1229,160000,0.00768125,0.00768125,0.00768125,20000,160000,1229,450,0.0225,450,0.0225,0,0.0,450,0.0225,0.0225,0,0.0,0.021597321000172087,0.0010798660500086043,0.0010798660500086043
bch_derived_16_8_equal,bch_derived,16,8,0.5,,,5,11,1,,3,12,5,1,1,4,3.0,0.7079457843841379,20000,chase,False,,7.603899985042517e-05,17,17,0,1584,3980,160000,0.024875,0.024875,0.009371666582008432,19687,157496,1476,854,0.0427,854,0.0427,313,0.01565,541,0.02705,0.02748006298572662,0,0.0,20.196649075000096,1.0098324537500047,1.0098324537500047
bch_derived_16_8_equal,bch_derived,16,8,0.5,,,5,11,1,,3,12,5,1,1,4,3.5,0.6683439175686147,20000,syndrome,False,,7.603899985042517e-05,17,17,0,1584,46762,160000,0.2922625,0.2922625,0.0005119333427481994,14162,113296,58,5860,0.293,5860,0.293,5838,0.2919,22,0.0011,0.0015534529021324671,0,0.0,2.1397581010000977,0.10698790505000488,0.10698790505000488
bch_derived_16_8_equal,bch_derived,16,8,0.5,,,5,11,1,,3,12,5,1,1,4,3.5,0.6683439175686147,20000,hard_mld,False,,0.0,,,,,4156,160000,0.025975,0.025975,0.025975,20000,160000,4156,1499,0.07495,1499,0.07495,0,0.0,1499,0.07495,0.07495,1044,0.0522,0.1433736230001159,0.007168681150005796,0.007168681150005796
bch_derived_16_8_equal,bch_derived,16,8,0.5,,,5,11,1,,3,12,5,1,1,4,3.5,0.6683439175686147,20000,soft_mld,False,,0.0,,,,,671,160000,0.00419375,0.00419375,0.00419375,20000,160000,671,253,0.01265,253,0.01265,0,0.0,253,0.01265,0.01265,0,0.0,0.0215480829997432,0.0010774041499871602,0.0010774041499871602
bch_derived_16_8_equal,bch_derived,16,8,0.5,,,5,11,1,,3,12,5,1,1,4,3.5,0.6683439175686147,20000,chase,False,,7.603899985042517e-05,17,17,0,1584,2165,160000,0.01353125,0.01353125,0.00532518275775145,19835,158680,845,476,0.0238,476,0.0238,165,0.00825,311,0.01555,0.01567935467607764,0,0.0,19.646807223999986,0.9823403611999993,0.9823403611999993
bch_derived_16_8_equal,bch_derived,16,8,0.5,,,5,11,1,,3,12,5,1,1,4,4.0,0.6309573444801932,20000,syndrome,False,,7.603899985042517e-05,17,17,0,1584,36332,160000,0.227075,0.227075,0.00022636140214719958,15462,123696,28,4548,0.2274,4548,0.2274,4538,0.2269,10,0.0005,0.0006467468632777131,0,0.0,2.2084555649998947,0.11042277824999473,0.11042277824999473
bch_derived_16_8_equal,bch_derived,16,8,0.5,,,5,11,1,,3,12,5,1,1,4,4.0,0.6309573444801932,20000,hard_mld,False,,0.0,,,,,2662,160000,0.0166375,0.0166375,0.0166375,20000,160000,2662,959,0.04795,959,0.04795,0,0.0,959,0.04795,0.04795,669,0.03345,0.14006420699979572,0.007003210349989786,0.007003210349989786
bch_derived_16_8_equal,bch_derived,16,8,0.5,,,5,11,1,,3,12,5,1,1,4,4.0,0.6309573444801932,20000,soft_mld,False,,0.0,,,,,291,160000,0.00181875,0.00181875,0.00181875,20000,160000,291,111,0.00555,111,0.00555,0,0.0,111,0.00555,0.00555,1,5e-05,0.02243997400000808,0.001121998700000404,0.001121998700000404
bch_derived_16_8_equal,bch_derived,16,8,0.5,,,5,11,1,,3,12,5,1,1,4,4.0,0.6309573444801932,20000,chase,False,,7.603899985042517e-05,17,17,0,1584,1139,160000,0.00711875,0.00711875,0.0026806790216463263,19911,159288,427,248,0.0124,248,0.0124,89,0.00445,159,0.00795,0.007985535633569383,1,5e-05,19.82704068599969,0.9913520342999845,0.9913520342999845
bch_derived_16_8_equal,bch_derived,16,8,0.5,,,5,11,1,,3,12,5,1,1,4,4.5,0.5956621435290105,20000,syndrome,False,,7.603899985042517e-05,17,17,0,1584,26884,160000,0.168025,0.168025,0.00015022232904698954,16642,133136,20,3364,0.1682,3364,0.1682,3358,0.1679,6,0.0003,0.0003605335897127749,0,0.0,2.391803982000056,0.11959019910000279,0.11959019910000279
bch_derived_16_8_equal,bch_derived,16,8,0.5,,,5,11,1,,3,12,5,1,1,4,4.5,0.5956621435290105,20000,hard_mld,False,,0.0,,,,,1596,160000,0.009975,0.009975,0.009975,20000,160000,1596,574,0.0287,574,0.0287,0,0.0,574,0.0287,0.0287,398,0.0199,0.1490540689997033,0.007452703449985165,0.007452703449985165
bch_derived_16_8_equal,bch_derived,16,8,0.5,,,5,11,1,,3,12,5,1,1,4,4.5,0.5956621435290105,20000,soft_mld,False,,0.0,,,,,139,160000,0.00086875,0.00086875,0.00086875,20000,160000,139,52,0.0026,52,0.0026,0,0.0,52,0.0026,0.0026,0,0.0,0.022853397999824665,0.0011426698999912333,0.0011426698999912333
bch_derived_16_8_equal,bch_derived,16,8,0.5,,,5,11,1,,3,12,5,1,1,4,4.5,0.5956621435290105,20000,chase,False,,7.603899985042517e-05,17,17,0,1584,527,160000,0.00329375,0.00329375,0.0014464258878926013,19963,159704,231,124,0.0062,124,0.0062,37,0.00185,87,0.00435,0.004358062415468617,0,0.0,21.26424018600028,1.063212009300014,1.063212009300014
bch_derived_16_8_equal,bch_derived,16,8,0.5,,,5,11,1,,3,12,5,1,1,4,5.0,0.5623413251903491,20000,syndrome,False,,7.603899985042517e-05,17,17,0,1584,19149,160000,0.11968125,0.11968125,9.228759654702408e-05,17608,140864,13,2396,0.1198,2396,0.1198,2392,0.1196,4,0.0002,0.00022716946842344388,0,0.0,2.414327630000116,0.12071638150000581,0.12071638150000581
bch_derived_16_8_equal,bch_derived,16,8,0.5,,,5,11,1,,3,12,5,1,1,4,5.0,0.5623413251903491,20000,hard_mld,False,,0.0,,,,,959,160000,0.00599375,0.00599375,0.00599375,20000,160000,959,341,0.01705,341,0.01705,0,0.0,341,0.01705,0.01705,245,0.01225,0.15932405700004892,0.007966202850002446,0.007966202850002446
bch_derived_16_8_equal,bch_derived,16,8,0.5,,,5,11,1,,3,12,5,1,1,4,5.0,0.5623413251903491,20000,soft_mld,False,,0.0,,,,,42,160000,0.0002625,0.0002625,0.0002625,20000,160000,42,18,0.0009,18,0.0009,0,0.0,18,0.0009,0.0009,0,0.0,0.02437846900011209,0.0012189234500056046,0.0012189234500056046
bch_derived_16_8_equal,bch_derived,16,8,0.5,,,5,11,1,,3,12,5,1,1,4,5.0,0.5623413251903491,20000,chase,False,,7.603899985042517e-05,17,17,0,1584,202,160000,0.0012625,0.0012625,0.0005128846634976232,19985,159880,82,46,0.0023,46,0.0023,15,0.00075,31,0.00155,0.001551163372529397,0,0.0,20.290115848999903,1.0145057924499952,1.0145057924499952
wavelet_32_16_equal,wavelet,32,16,0.5,1 0 0 0 0 0 0 0 1 1,0 1 0 0 1 1 0 1 0 1,,,,,,,8,2,2,6,0.0,1.0,20000,syndrome,False,,0.00034575599966046866,529,529,0,48388,286719,320000,0.895996875,0.895996875,0.011846793349168647,2105,33680,399,17945,0.89725,17945,0.89725,17895,0.89475,50,0.0025,0.023752969121140142,0,0.0,1.2156537669998215,0.06078268834999108,0.06078268834999108
wavelet_32_16_equal,wavelet,32,16,0.5,1 0 0 0 0 0 0 0 1 1,0 1 0 0 1 1 0 1 0 1,,,,,,,8,2,2,6,0.0,1.0,20000,hard_mld,False,,0.0,,,,,95925,320000,0.299765625,0.299765625,0.299765625,20000,320000,95925,12297,0.61485,12297,0.61485,0,0.0,12297,0.61485,0.61485,10506,0.5253,48.935084835,2.44675424175,2.44675424175
wavelet_32_16_equal,wavelet,32,16,0.5,1 0 0 0 0 0 0 0 1 1,0 1 0 0 1 1 0 1 0 1,,,,,,,8,2,2,6,0.0,1.0,20000,soft_mld,False,,0.0,,,,,47435,320000,0.148234375,0.148234375,0.148234375,20000,320000,47435,6070,0.3035,6070,0.3035,0,0.0,6070,0.3035,0.3035,3,0.00015,15.018518484999731,0.7509259242499866,0.7509259242499866
wavelet_32_16_equal,wavelet,32,16,0.5,1 0 0 0 0 0 0 0 1 1,0 1 0 0 1 1 0 1 0 1,,,,,,,8,2,2,6,0.0,1.0,20000,chase,False,,0.00034575599966046866,529,529,0,48388,140312,320000,0.438475,0.438475,0.10982086239695625,12616,201856,22168,10249,0.51245,10249,0.51245,7384,0.3692,2865,0.14325,0.22709258084971465,0,0.0,59.42798733900008,2.971399366950004,2.971399366950004
wavelet_32_16_equal,wavelet,32,16,0.5,1 0 0 0 0 0 0 0 1 1,0 1 0 0 1 1 0 1 0 1,,,,,,,8,2,2,6,0.5,0.9440608762859234,20000,syndrome,False,,0.00034575599966046866,529,529,0,48388,273380,320000,0.8543125,0.8543125,0.006901840490797546,2934,46944,324,17109,0.85545,17109,0.85545,17066,0.8533,43,0.00215,0.01465576005453306,0,0.0,1.486655416999838,0.0743327708499919,0.0743327708499919
wavelet_32_16_equal,wavelet,32,16,0.5,1 0 0 0 0 0 0 0 1 1,0 1 0 0 1 1 0 1 0 1,,,,,,,8,2,2,6,0.5,0.9440608762859234,20000,hard_mld,False,,0.0,,,,,83189,320000,0.259965625,0.259965625,0.259965625,20000,320000,83189,10674,0.5337,10674,0.5337,0,0.0,10674,0.5337,0.5337,9568,0.4784,45.96711683400008,2.2983558417000043,2.2983558417000043
wavelet_32_16_equal,wavelet,32,16,0.5,1 0 0 0 0 0 0 0 1 1,0 1 0 0 1 1 0 1 0 1,,,,,,,8,2,2,6,0.5,0.9440608762859234,20000,soft_mld,False,,0.0,,,,,34443,320000,0.107634375,0.107634375,0.107634375,20000,320000,34443,4401,0.22005,4401,0.22005,0,0.0,4401,0.22005,0.22005,1,5e-05,14.068844097000238,0.7034422048500119,0.7034422048500119
wavelet_32_16_equal,wavelet,32,16,0.5,1 0 0 0 0 0 0 0 1 1,0 1 0 0 1 1 0 1 0 1,,,,,,,8,2,2,6,0.5,0.9440608762859234,20000,chase,False,,0.00034575599966046866,529,529,0,48388,114051,320000,0.356409375,0.356409375,0.0816343821347032,14016,224256,18307,8345,0.41725,8345,0.41725,5984,0.2992,2361,0.11805,0.1684503424657534,0,0.0,64.64822755399973,3.2324113776999863,3.2324113776999863
wavelet_32_16_equal,wavelet,32,16,0.5,1 0 0 0 0 0 0 0 1 1,0 1 0 0 1 1 0 1 0 1,,,,,,,8,2,2,6,1.0,0.8912509381337456,20000,syndrome,False,,0.00034575599966046866,529,529,0,48388,256317,320000,0.800990625,0.800990625,0.0042062797097823365,3997,63952,269,16039,0.80195,16039,0.80195,16003,0.80015,36,0.0018,0.009006755066299724,0,0.0,1.7227567100003398,0.086137835500017,0.086137835500017
wavelet_32_16_equal,wavelet,32,16,0.5,1 0 0 0 0 0 0 0 1 1,0 1 0 0 1 1 0 1 0 1,,,,,,,8,2,2,6,1.0,0.8912509381337456,20000,hard_mld,False,,0.0,,,,,69631,320000,0.217596875,0.217596875,0.217596875,20000,320000,69631,8971,0.44855,8971,0.44855,0,0.0,8971,0.44855,0.44855,8494,0.4247,47.47901365100006,2.373950682550003,2.373950682550003
wavelet_32_16_equal,wavelet,32,16,0.5,1 0 0 0 0 0 0 0 1 1,0 1 0 0 1 1 0 1 0 1,,,,,,,8,2,2,6,1.0,0.8912509381337456,20000,soft_mld,False,,0.0,,,,,23398,320000,0.07311875,0.07311875,0.07311875,20000,320000,23398,2990,0.1495,2990,0.1495,0,0.0,2990,0.1495,0.1495,2,0.0001,13.954285634999906,0.6977142817499953,0.6977142817499953
wavelet_32_16_equal,wavelet,32,16,0.5,1 0 0 0 0 0 0 0 1 1,0 1 0 0 1 1 0 1 0 1,,,,,,,8,2,2,6,1.0,0.8912509381337456,20000,chase,False,,0.00034575599966046866,529,529,0,48388,87865,320000,0.274578125,0.274578125,0.05593196902654867,15368,245888,13753,6418,0.3209,6418,0.3209,4632,0.2316,1786,0.0893,0.11621551275377408,0,0.0,72.25359931699995,3.6126799658499977,3.6126799658499977
wavelet_32_16_equal,wavelet,32,16,0.5,1 0 0 0 0 0 0 0 1 1,0 1 0 0 1 1 0 1 0 1,,,,,,,8,2,2,6,1.5,0.8413951416451951,20000,syndrome,False,,0.00034575599966046866,529,529,0,48388,235558,320000,0.73611875,0.73611875,0.002904779897978462,5293,84688,246,14737,0.73685,14737,0.73685,14707,0.73535,30,0.0015,0.005667863215567731,0,0.0,2.089211532999798,0.10446057664998988,0.10446057664998988
wavelet_32_16_equal,wavelet,32,16,0.5,1 0 0 0 0 0 0 0 1 1,0 1 0 0 1 1 0 1 0 1,,,,,,,8,2,2,6,1.5,0.8413951416451951,20000,hard_mld,False,,0.0,,,,,56310,320000,0.17596875,0.17596875,0.17596875,20000,320000,56310,7234,0.3617,7234,0.3617,0,0.0,7234,0.3617,0.3617,7176,0.3588,48.17850827400025,2.408925413700013,2.408925413700013
wavelet_32_16_equal,wavelet,32,16,0.5,1 0 0 0 0 0 0 0 1 1,0 1 0 0 1 1 0 1 0 1,,,,,,,8,2,2,6,1.5,0.8413951416451951,20000,soft_mld,False,,0.0,,,,,14472,320000,0.045225,0.045225,0.045225,20000,320000,14472,1834,0.0917,1834,0.0917,0,0.0,1834,0.0917,0.0917,0,0.0,13.968694350000078,0.698434717500004,0.698434717500004
wavelet_32_16_equal,wavelet,32,16,0.5,1 0 0 0 0 0 0 0 1 1,0 1 0 0 1 1 0 1 0 1,,,,,,,8,2,2,6,1.5,0.8413951416451951,20000,chase,False,,0.00034575599966046866,529,529,0,48388,64013,320000,0.200040625,0.200040625,0.037642857142857145,16625,266000,10013,4659,0.23295,4659,0.23295,3375,0.16875,1284,0.0642,0.07723308270676692,0,0.0,81.5306413799999,4.076532068999995,4.076532068999995
wavelet_32_16_equal,wavelet,32,16,0.5,1 0 0 0 0 0 0 0 1 1,0 1 0 0 1 1 0 1 0 1,,,,,,,8,2,2,6,2.0,0.7943282347242815,20000,syndrome,False,,0.00034575599966046866,529,529,0,48388,210321,320000,0.657253125,0.657253125,0.0019019365171811299,6868,109888,209,13158,0.6579,13158,0.6579,13132,0.6566,26,0.0013,0.0037856726849155504,0,0.0,2.646951647000151,0.13234758235000754,0.13234758235000754
wavelet_32_16_equal,wavelet,32,16,0.5,1 0 0 0 0 0 0 0 1 1,0 1 0 0 1 1 0 1 0 1,,,,,,,8,2,2,6,2.0,0.7943282347242815,20000,hard_mld,False,,0.0,,,,,43287,320000,0.135271875,0.135271875,0.135271875,20000,320000,43287,5557,0.27785,5557,0.27785,0,0.0,5557,0.27785,0.27785,5748,0.2874,47.3033208300003,2.365166041500015,2.365166041500015
wavelet_32_16_equal,wavelet,32,16,0.5,1 0 0 0 0 0 0 0 1 1,0 1 0 0 1 1 0 1 0 1,,,,,,,8,2,2,6,2.0,0.7943282347242815,20000,soft_mld,False,,0.0,,,,,8064,320000,0.0252,0.0252,0.0252,20000,320000,8064,1025,0.05125,1025,0.05125,0,0.0,1025,0.05125,0.05125,0,0.0,14.714420304999749,0.7357210152499875,0.7357210152499875
wavelet_32_16_equal,wavelet,32,16,0.5,1 0 0 0 0 0 0 0 1 1,0 1 0 0 1 1 0 1 0 1,,,,,,,8,2,2,6,2.0,0.7943282347242815,20000,chase,False,,0.00034575599966046866,529,529,0,48388,43502,320000,0.13594375,0.13594375,0.02327898038772396,17693,283088,6590,3150,0.1575,3150,0.1575,2307,0.11535,843,0.04215,0.04764596167976036,0,0.0,90.67962432399963,4.533981216199982,4.533981216199982
wavelet_32_16_equal,wavelet,32,16,0.5,1 0 0 0 0 0 0 0 1 1,0 1 0 0 1 1 0 1 0 1,,,,,,,8,2,2,6,2.5,0.7498942093324559,20000,syndrome,False,,0.00034575599966046866,529,529,0,48388,180639,320000,0.564496875,0.564496875,0.0009104725854553797,8718,139488,127,11298,0.5649,11298,0.5649,11282,0.5641,16,0.0008,0.0018352833218628125,0,0.0,3.0343905720001203,0.15171952860000604,0.15171952860000604
wavelet_32_16_equal,wavelet,32,16,0.5,1 0 0 0 0 0 0 0 1 1,0 1 0 0 1 1 0 1 0 1,,,,,,,8,2,2,6,2.5,0.7498942093324559,20000,hard_mld,False,,0.0,,,,,32048,320000,0.10015,0.10015,0.10015,20000,320000,32048,4136,0.2068,4136,0.2068,0,0.0,4136,0.2068,0.2068,4457,0.22285,45.62046915100018,2.281023457550009,2.281023457550009
wavelet_32_16_equal,wavelet,32,16,0.5,1 0 0 0 0 0 0 0 1 1,0 1 0 0 1 1 0 1 0 1,,,,,,,8,2,2,6,2.5,0.7498942093324559,20000,soft_mld,False,,0.0,,,,,4073,320000,0.012728125,0.012728125,0.012728125,20000,320000,4073,514,0.0257,514,0.0257,0,0.0,514,0.0257,0.0257,0,0.0,14.227404322999973,0.7113702161499986,0.7113702161499986
wavelet_32_16_equal,wavelet,32,16,0.5,1 0 0 0 0 0 0 0 1 1,0 1 0 0 1 1 0 1 0 1,,,,,,,8,2,2,6,2.5,0.7498942093324559,20000,chase,False,,0.00034575599966046866,529,529,0,48388,25664,320000,0.0802,0.0802,0.013037180106228875,18639,298224,3888,1860,0.093,1860,0.093,1361,0.06805,499,0.02495,0.026771822522667525,0,0.0,104.49578293099967,5.224789146549983,5.224789146549983
wavelet_32_16_equal,wavelet,32,16,0.5,1 0 0 0 0 0 0 0 1 1,0 1 0 0 1 1 0 1 0 1,,,,,,,8,2,2,6,3.0,0.7079457843841379,20000,syndrome,False,,0.00034575599966046866,529,529,0,48388,148859,320000,0.465184375,0.465184375,0.0003446261682242991,10700,171200,59,9307,0.46535,9307,0.46535,9300,0.465,7,0.00035,0.0006542056074766356,0,0.0,3.6548181699999986,0.1827409084999999,0.1827409084999999
wavelet_32_16_equal,wavelet,32,16,0.5,1 0 0 0 0 0 0 0 1 1,0 1 0 0 1 1 0 1 0 1,,,,,,,8,2,2,6,3.0,0.7079457843841379,20000,hard_mld,False,,0.0,,,,,22124,320000,0.0691375,0.0691375,0.0691375,20000,320000,22124,2849,0.14245,2849,0.14245,0,0.0,2849,0.14245,0.14245,3310,0.1655,45.58272465600021,2.27913623280001,2.27913623280001
wavelet_32_16_equal,wavelet,32,16,0.5,1 0 0 0 0 0 0 0 1 1,0 1 0 0 1 1 0 1 0 1,,,,,,,8,2,2,6,3.0,0.7079457843841379,20000,soft_mld,False,,0.0,,,,,1598,320000,0.00499375,0.00499375,0.00499375,20000,320000,1598,200,0.01,200,0.01,0,0.0,200,0.01,0.01,0,0.0,14.45102890399994,0.722551445199997,0.722551445199997
wavelet_32_16_equal,wavelet,32,16,0.5,1 0 0 0 0 0 0 0 1 1,0 1 0 0 1 1 0 1 0 1,,,,,,,8,2,2,6,3.0,0.7079457843841379,20000,chase,False,,0.00034575599966046866,529,529,0,48388,13307,320000,0.041584375,0.041584375,0.007234695463020509,19308,308928,2235,973,0.04865,973,0.04865,692,0.0346,281,0.01405,0.014553552931427387,0,0.0,116.75982350499999,5.837991175249999,5.837991175249999
wavelet_32_16_equal,wavelet,32,16,0.5,1 0 0 0 0 0 0 0 1 1,0 1 0 0 1 1 0 1 0 1,,,,,,,8,2,2,6,3.5,0.6683439175686147,20000,syndrome,False,,0.00034575599966046866,529,529,0,48388,116448,320000,0.3639,0.3639,7.859781498074354e-05,12723,203568,16,7279,0.36395,7279,0.36395,7277,0.36385,2,0.0001,0.00015719562996148708,0,0.0,4.17048878300011,0.20852443915000551,0.20852443915000551
wavelet_32_16_equal,wavelet,32,16,0.5,1 0 0 0 0 0 0 0 1 1,0 1 0 0 1 1 0 1 0 1,,,,,,,8,2,2,6,3.5,0.6683439175686147,20000,hard_mld,False,,0.0,,,,,14140,320000,0.0441875,0.0441875,0.0441875,20000,320000,14140,1821,0.09105,1821,0.09105,0,0.0,1821,0.09105,0.09105,2228,0.1114,46.02329709800051,2.3011648549000254,2.3011648549000254
wavelet_32_16_equal,wavelet,32,16,0.5,1 0 0 0 0 0 0 0 1 1,0 1 0 0 1 1 0 1 0 1,,,,,,,8,2,2,6,3.5,0.6683439175686147,20000,soft_mld,False,,0.0,,,,,615,320000,0.001921875,0.001921875,0.001921875,20000,320000,615,77,0.00385,77,0.00385,0,0.0,77,0.00385,0.00385,0,0.0,13.926201082999796,0.6963100541499898,0.6963100541499898
wavelet_32_16_equal,wavelet,32,16,0.5,1 0 0 0 0 0 0 0 1 1,0 1 0 0 1 1 0 1 0 1,,,,,,,8,2,2,6,3.5,0.6683439175686147,20000,chase,False,,0.00034575599966046866,529,529,0,48388,6305,320000,0.019703125,0.019703125,0.0033075339332011592,19671,314736,1041,460,0.023,460,0.023,329,0.01645,131,0.00655,0.006659549590768136,0,0.0,126.32468533600058,6.31623426680003,6.31623426680003
wavelet_32_16_equal,wavelet,32,16,0.5,1 0 0 0 0 0 0 0 1 1,0 1 0 0 1 1 0 1 0 1,,,,,,,8,2,2,6,4.0,0.6309573444801932,20000,syndrome,False,,0.00034575599966046866,529,529,0,48388,86144,320000,0.2692,0.2692,0.0,14616,233856,0,5384,0.2692,5384,0.2692,5384,0.2692,0,0.0,0.0,0,0.0,4.577498093000031,0.22887490465000157,0.22887490465000157
wavelet_32_16_equal,wavelet,32,16,0.5,1 0 0 0 0 0 0 0 1 1,0 1 0 0 1 1 0 1 0 1,,,,,,,8,2,2,6,4.0,0.6309573444801932,20000,hard_mld,False,,0.0,,,,,8053,320000,0.025165625,0.025165625,0.025165625,20000,320000,8053,1036,0.0518,1036,0.0518,0,0.0,1036,0.0518,0.0518,1362,0.0681,43.867291229999864,2.1933645614999935,2.1933645614999935
wavelet_32_16_equal,wavelet,32,16,0.5,1 0 0 0 0 0 0 0 1 1,0 1 0 0 1 1 0 1 0 1,,,,,,,8,2,2,6,4.0,0.6309573444801932,20000,soft_mld,False,,0.0,,,,,241,320000,0.000753125,0.000753125,0.000753125,20000,320000,241,31,0.00155,31,0.00155,0,0.0,31,0.00155,0.00155,0,0.0,14.057172073999936,0.7028586036999968,0.7028586036999968
wavelet_32_16_equal,wavelet,32,16,0.5,1 0 0 0 0 0 0 0 1 1,0 1 0 0 1 1 0 1 0 1,,,,,,,8,2,2,6,4.0,0.6309573444801932,20000,chase,False,,0.00034575599966046866,529,529,0,48388,2747,320000,0.008584375,0.008584375,0.0014447046381628646,19857,317712,459,200,0.01,200,0.01,143,0.00715,57,0.00285,0.0028705242483758877,0,0.0,136.07646669399946,6.803823334699973,6.803823334699973
wavelet_32_16_equal,wavelet,32,16,0.5,1 0 0 0 0 0 0 0 1 1,0 1 0 0 1 1 0 1 0 1,,,,,,,8,2,2,6,4.5,0.5956621435290105,20000,syndrome,False,,0.00034575599966046866,529,529,0,48388,59616,320000,0.1863,0.1863,0.0,16274,260384,0,3726,0.1863,3726,0.1863,3726,0.1863,0,0.0,0.0,0,0.0,5.025388218999979,0.25126941094999894,0.25126941094999894
wavelet_32_16_equal,wavelet,32,16,0.5,1 0 0 0 0 0 0 0 1 1,0 1 0 0 1 1 0 1 0 1,,,,,,,8,2,2,6,4.5,0.5956621435290105,20000,hard_mld,False,,0.0,,,,,4145,320000,0.012953125,0.012953125,0.012953125,20000,320000,4145,529,0.02645,529,0.02645,0,0.0,529,0.02645,0.02645,731,0.03655,44.759581691000676,2.237979084550034,2.237979084550034
wavelet_32_16_equal,wavelet,32,16,0.5,1 0 0 0 0 0 0 0 1 1,0 1 0 0 1 1 0 1 0 1,,,,,,,8,2,2,6,4.5,0.5956621435290105,20000,soft_mld,False,,0.0,,,,,102,320000,0.00031875,0.00031875,0.00031875,20000,320000,102,12,0.0006,12,0.0006,0,0.0,12,0.0006,0.0006,0,0.0,14.176196524000261,0.7088098262000131,0.7088098262000131
wavelet_32_16_equal,wavelet,32,16,0.5,1 0 0 0 0 0 0 0 1 1,0 1 0 0 1 1 0 1 0 1,,,,,,,8,2,2,6,4.5,0.5956621435290105,20000,chase,False,,0.00034575599966046866,529,529,0,48388,1128,320000,0.003525,0.003525,0.0006769292483578198,19943,319088,216,85,0.00425,85,0.00425,57,0.00285,28,0.0014,0.001404001404001404,0,0.0,144.97972507400027,7.248986253700014,7.248986253700014
wavelet_32_16_equal,wavelet,32,16,0.5,1 0 0 0 0 0 0 0 1 1,0 1 0 0 1 1 0 1 0 1,,,,,,,8,2,2,6,5.0,0.5623413251903491,20000,syndrome,False,,0.00034575599966046866,529,529,0,48388,37632,320000,0.1176,0.1176,0.0,17648,282368,0,2352,0.1176,2352,0.1176,2352,0.1176,0,0.0,0.0,0,0.0,5.365628569999899,0.268281428499995,0.268281428499995
wavelet_32_16_equal,wavelet,32,16,0.5,1 0 0 0 0 0 0 0 1 1,0 1 0 0 1 1 0 1 0 1,,,,,,,8,2,2,6,5.0,0.5623413251903491,20000,hard_mld,False,,0.0,,,,,2322,320000,0.00725625,0.00725625,0.00725625,20000,320000,2322,296,0.0148,296,0.0148,0,0.0,296,0.0148,0.0148,410,0.0205,47.83580508199975,2.3917902540999876,2.3917902540999876
wavelet_32_16_equal,wavelet,32,16,0.5,1 0 0 0 0 0 0 0 1 1,0 1 0 0 1 1 0 1 0 1,,,,,,,8,2,2,6,5.0,0.5623413251903491,20000,soft_mld,False,,0.0,,,,,18,320000,5.625e-05,5.625e-05,5.625e-05,20000,320000,18,2,0.0001,2,0.0001,0,0.0,2,0.0001,0.0001,0,0.0,13.855645827999979,0.6927822913999989,0.6927822913999989
wavelet_32_16_equal,wavelet,32,16,0.5,1 0 0 0 0 0 0 0 1 1,0 1 0 0 1 1 0 1 0 1,,,,,,,8,2,2,6,5.0,0.5623413251903491,20000,chase,False,,0.00034575599966046866,529,529,0,48388,299,320000,0.000934375,0.000934375,8.444677976279838e-05,19983,319728,27,20,0.001,20,0.001,17,0.00085,3,0.00015,0.00015012760846719713,0,0.0,152.26493760199992,7.613246880099996,7.613246880099996
bch_derived_32_16_equal,bch_derived,32,16,0.5,,,6,7,1,,29,2,,2,2,6,0.0,1.0,20000,syndrome,False,,0.00034885599961853586,529,529,0,48388,286371,320000,0.894909375,0.894909375,0.01323356807511737,2130,34080,451,18003,0.90015,18003,0.90015,17870,0.8935,133,0.00665,0.06244131455399061,0,0.0,1.0334743909997997,0.051673719549989984,0.051673719549989984
bch_derived_32_16_equal,bch_derived,32,16,0.5,,,6,7,1,,29,2,,2,2,6,0.0,1.0,20000,hard_mld,False,,0.0,,,,,55304,320000,0.172825,0.172825,0.172825,20000,320000,55304,12371,0.61855,12371,0.61855,0,0.0,12371,0.61855,0.61855,8428,0.4214,47.60062616399955,2.3800313081999778,2.3800313081999778
bch_derived_32_16_equal,bch_derived,32,16,0.5,,,6,7,1,,29,2,,2,2,6,0.0,1.0,20000,soft_mld,False,,0.0,,,,,27793,320000,0.086853125,0.086853125,0.086853125,20000,320000,27793,6493,0.32465,6493,0.32465,0,0.0,6493,0.32465,0.32465,1,5e-05,14.779574739000054,0.7389787369500027,0.7389787369500027
bch_derived_32_16_equal,bch_derived,32,16,0.5,,,6,7,1,,29,2,,2,2,6,0.0,1.0,20000,chase,False,,0.00034885599961853586,529,529,0,48388,129141,320000,0.403565625,0.403565625,0.06287316364207715,12729,203664,12805,10478,0.5239,10478,0.5239,7271,0.36355,3207,0.16035,0.25194437897713884,0,0.0,55.2568076739999,2.762840383699995,2.762840383699995
bch_derived_32_16_equal,bch_derived,32,16,0.5,,,6,7,1,,29,2,,2,2,6,0.5,0.9440608762859234,20000,syndrome,False,,0.00034885599961853586,529,529,0,48388,273480,320000,0.854625,0.854625,0.00970708446866485,2936,46976,456,17199,0.85995,17199,0.85995,17064,0.8532,135,0.00675,0.04598092643051771,0,0.0,1.2171870570000465,0.060859352850002324,0.060859352850002324
bch_derived_32_16_equal,bch_derived,32,16,0.5,,,6,7,1,,29,2,,2,2,6,0.5,0.9440608762859234,20000,hard_mld,False,,0.0,,,,,47129,320000,0.147278125,0.147278125,0.147278125,20000,320000,47129,10790,0.5395,10790,0.5395,0,0.0,10790,0.5395,0.5395,7620,0.381,45.46157296900037,2.2730786484500185,2.2730786484500185
bch_derived_32_16_equal,bch_derived,32,16,0.5,,,6,7,1,,29,2,,2,2,6,0.5,0.9440608762859234,20000,soft_mld,False,,0.0,,,,,20097,320000,0.062803125,0.062803125,0.062803125,20000,320000,20097,4811,0.24055,4811,0.24055,0,0.0,4811,0.24055,0.24055,2,0.0001,14.321506797000438,0.7160753398500219,0.7160753398500219
bch_derived_32_16_equal,bch_derived,32,16,0.5,,,6,7,1,,29,2,,2,2,6,0.5,0.9440608762859234,20000,chase,False,,0.00034885599961853586,529,529,0,48388,104891,320000,0.327784375,0.327784375,0.046570278703638036,14101,225616,10507,8597,0.42985,8597,0.42985,5899,0.29495,2698,0.1349,0.19133394794695413,0,0.0,59.82829610000044,2.9914148050000224,2.9914148050000224
bch_derived_32_16_equal,bch_derived,32,16,0.5,,,6,7,1,,29,2,,2,2,6,1.0,0.8912509381337456,20000,syndrome,False,,0.00034885599961853586,529,529,0,48388,257428,320000,0.8044625,0.8044625,0.005657259089753369,3933,62928,356,16179,0.80895,16179,0.80895,16067,0.80335,112,0.0056,0.028476989575387746,0,0.0,1.455706299000667,0.07278531495003335,0.07278531495003335
bch_derived_32_16_equal,bch_derived,32,16,0.5,,,6,7,1,,29,2,,2,2,6,1.0,0.8912509381337456,20000,hard_mld,False,,0.0,,,,,38796,320000,0.1212375,0.1212375,0.1212375,20000,320000,38796,9071,0.45355,9071,0.45355,0,0.0,9071,0.45355,0.45355,6752,0.3376,48.70904934900045,2.4354524674500224,2.4354524674500224
bch_derived_32_16_equal,bch_derived,32,16,0.5,,,6,7,1,,29,2,,2,2,6,1.0,0.8912509381337456,20000,soft_mld,False,,0.0,,,,,13738,320000,0.04293125,0.04293125,0.04293125,20000,320000,13738,3356,0.1678,3356,0.1678,0,0.0,3356,0.1678,0.1678,0,0.0,13.873888164000164,0.6936944082000082,0.6936944082000082
bch_derived_32_16_equal,bch_derived,32,16,0.5,,,6,7,1,,29,2,,2,2,6,1.0,0.8912509381337456,20000,chase,False,,0.00034885599961853586,529,529,0,48388,80427,320000,0.251334375,0.251334375,0.03273175064599483,15480,247680,8107,6647,0.33235,6647,0.33235,4520,0.226,2127,0.10635,0.1374031007751938,0,0.0,65.64478452999992,3.282239226499996,3.282239226499996
bch_derived_32_16_equal,bch_derived,32,16,0.5,,,6,7,1,,29,2,,2,2,6,1.5,0.8413951416451951,20000,syndrome,False,,0.00034885599961853586,529,529,0,48388,236333,320000,0.738540625,0.738540625,0.0035846989329268294,5248,83968,301,14851,0.74255,14851,0.74255,14752,0.7376,99,0.00495,0.018864329268292682,0,0.0,1.7066603199991732,0.08533301599995866,0.08533301599995866
bch_derived_32_16_equal,bch_derived,32,16,0.5,,,6,7,1,,29,2,,2,2,6,1.5,0.8413951416451951,20000,hard_mld,False,,0.0,,,,,30429,320000,0.095090625,0.095090625,0.095090625,20000,320000,30429,7253,0.36265,7253,0.36265,0,0.0,7253,0.36265,0.36265,5768,0.2884,45.99082985700079,2.2995414928500395,2.2995414928500395
bch_derived_32_16_equal,bch_derived,32,16,0.5,,,6,7,1,,29,2,,2,2,6,1.5,0.8413951416451951,20000,soft_mld,False,,0.0,,,,,8811,320000,0.027534375,0.027534375,0.027534375,20000,320000,8811,2183,0.10915,2183,0.10915,0,0.0,2183,0.10915,0.10915,1,5e-05,14.189495603000069,0.7094747801500034,0.7094747801500034
bch_derived_32_16_equal,bch_derived,32,16,0.5,,,6,7,1,,29,2,,2,2,6,1.5,0.8413951416451951,20000,chase,False,,0.00034885599961853586,529,529,0,48388,57254,320000,0.17891875,0.17891875,0.02176535414308691,16787,268592,5846,4767,0.23835,4767,0.23835,3213,0.16065,1554,0.0777,0.09257163281110382,0,0.0,72.52894120600013,3.6264470603000065,3.6264470603000065
bch_derived_32_16_equal,bch_derived,32,16,0.5,,,6,7,1,,29,2,,2,2,6,2.0,0.7943282347242815,20000,syndrome,False,,0.00034885599961853586,529,529,0,48388,210951,320000,0.659221875,0.659221875,0.0024059572599531617,6832,109312,263,13256,0.6628,13256,0.6628,13168,0.6584,88,0.0044,0.01288056206088993,0,0.0,2.048459130000083,0.10242295650000414,0.10242295650000414
bch_derived_32_16_equal,bch_derived,32,16,0.5,,,6,7,1,,29,2,,2,2,6,2.0,0.7943282347242815,20000,hard_mld,False,,0.0,,,,,23277,320000,0.072740625,0.072740625,0.072740625,20000,320000,23277,5676,0.2838,5676,0.2838,0,0.0,5676,0.2838,0.2838,4683,0.23415,45.507447836999745,2.275372391849987,2.275372391849987
bch_derived_32_16_equal,bch_derived,32,16,0.5,,,6,7,1,,29,2,,2,2,6,2.0,0.7943282347242815,20000,soft_mld,False,,0.0,,,,,5085,320000,0.015890625,0.015890625,0.015890625,20000,320000,5085,1296,0.0648,1296,0.0648,0,0.0,1296,0.0648,0.0648,1,5e-05,13.826394236999477,0.6913197118499739,0.6913197118499739
bch_derived_32_16_equal,bch_derived,32,16,0.5,,,6,7,1,,29,2,,2,2,6,2.0,0.7943282347242815,20000,chase,False,,0.00034885599961853586,529,529,0,48388,38377,320000,0.119928125,0.119928125,0.014145989694186177,17854,285664,4041,3240,0.162,3240,0.162,2146,0.1073,1094,0.0547,0.06127478436204772,0,0.0,80.75240922800003,4.037620461400002,4.037620461400002
bch_derived_32_16_equal,bch_derived,32,16,0.5,,,6,7,1,,29,2,,2,2,6,2.5,0.7498942093324559,20000,syndrome,False,,0.00034885599961853586,529,529,0,48388,180734,320000,0.56479375,0.56479375,0.0014769989675347023,8717,139472,206,11361,0.56805,11361,0.56805,11283,0.56415,78,0.0039,0.008948032580016061,0,0.0,2.489759692000007,0.12448798460000035,0.12448798460000035
bch_derived_32_16_equal,bch_derived,32,16,0.5,,,6,7,1,,29,2,,2,2,6,2.5,0.7498942093324559,20000,hard_mld,False,,0.0,,,,,16794,320000,0.05248125,0.05248125,0.05248125,20000,320000,16794,4184,0.2092,4184,0.2092,0,0.0,4184,0.2092,0.2092,3640,0.182,46.97821908300011,2.3489109541500057,2.3489109541500057
bch_derived_32_16_equal,bch_derived,32,16,0.5,,,6,7,1,,29,2,,2,2,6,2.5,0.7498942093324559,20000,soft_mld,False,,0.0,,,,,2540,320000,0.0079375,0.0079375,0.0079375,20000,320000,2540,669,0.03345,669,0.03345,0,0.0,669,0.03345,0.03345,0,0.0,13.88825121300033,0.6944125606500166,0.6944125606500166
bch_derived_32_16_equal,bch_derived,32,16,0.5,,,6,7,1,,29,2,,2,2,6,2.5,0.7498942093324559,20000,chase,False,,0.00034885599961853586,529,529,0,48388,23219,320000,0.072559375,0.072559375,0.008190968880333655,18702,299232,2451,1964,0.0982,1964,0.0982,1298,0.0649,666,0.0333,0.0356111645813282,0,0.0,90.06874683099977,4.503437341549989,4.503437341549989
bch_derived_32_16_equal,bch_derived,32,16,0.5,,,6,7,1,,29,2,,2,2,6,3.0,0.7079457843841379,20000,syndrome,False,,0.00034885599961853586,529,529,0,48388,149993,320000,0.468728125,0.468728125,0.0008991537376586741,10635,170160,153,9420,0.471,9420,0.471,9365,0.46825,55,0.00275,0.005171603196991067,0,0.0,2.8576817289995233,0.14288408644997616,0.14288408644997616
bch_derived_32_16_equal,bch_derived,32,16,0.5,,,6,7,1,,29,2,,2,2,6,3.0,0.7079457843841379,20000,hard_mld,False,,0.0,,,,,11212,320000,0.0350375,0.0350375,0.0350375,20000,320000,11212,2861,0.14305,2861,0.14305,0,0.0,2861,0.14305,0.14305,2672,0.1336,44.433443822999834,2.2216721911499917,2.2216721911499917
bch_derived_32_16_equal,bch_derived,32,16,0.5,,,6,7,1,,29,2,,2,2,6,3.0,0.7079457843841379,20000,soft_mld,False,,0.0,,,,,1202,320000,0.00375625,0.00375625,0.00375625,20000,320000,1202,328,0.0164,328,0.0164,0,0.0,328,0.0164,0.0164,0,0.0,13.963628808000067,0.6981814404000033,0.6981814404000033
bch_derived_32_16_equal,bch_derived,32,16,0.5,,,6,7,1,,29,2,,2,2,6,3.0,0.7079457843841379,20000,chase,False,,0.00034885599961853586,529,529,0,48388,12551,320000,0.039221875,0.039221875,0.004323410539406187,19299,308784,1335,1073,0.05365,1073,0.05365,701,0.03505,372,0.0186,0.01927561013524017,0,0.0,99.085991852,4.9542995926,4.9542995926
bch_derived_32_16_equal,bch_derived,32,16,0.5,,,6,7,1,,29,2,,2,2,6,3.5,0.6683439175686147,20000,syndrome,False,,0.00034885599961853586,529,529,0,48388,117270,320000,0.36646875,0.36646875,0.000660541052133449,12679,202864,134,7368,0.3684,7368,0.3684,7321,0.36605,47,0.00235,0.0037069169492862214,0,0.0,3.2776171510004133,0.16388085755002066,0.16388085755002066
bch_derived_32_16_equal,bch_derived,32,16,0.5,,,6,7,1,,29,2,,2,2,6,3.5,0.6683439175686147,20000,hard_mld,False,,0.0,,,,,7154,320000,0.02235625,0.02235625,0.02235625,20000,320000,7154,1855,0.09275,1855,0.09275,0,0.0,1855,0.09275,0.09275,1827,0.09135,48.14150869399964,2.407075434699982,2.407075434699982
bch_derived_32_16_equal,bch_derived,32,16,0.5,,,6,7,1,,29,2,,2,2,6,3.5,0.6683439175686147,20000,soft_mld,False,,0.0,,,,,509,320000,0.001590625,0.001590625,0.001590625,20000,320000,509,145,0.00725,145,0.00725,0,0.0,145,0.00725,0.00725,0,0.0,13.933825586999774,0.6966912793499888,0.6966912793499888
bch_derived_32_16_equal,bch_derived,32,16,0.5,,,6,7,1,,29,2,,2,2,6,3.5,0.6683439175686147,20000,chase,False,,0.00034885599961853586,529,529,0,48388,6188,320000,0.0193375,0.0193375,0.0020733692886944132,19654,314464,652,531,0.02655,531,0.02655,346,0.0173,185,0.00925,0.00941284216953292,0,0.0,108.781778175,5.43908890875,5.43908890875
bch_derived_32_16_equal,bch_derived,32,16,0.5,,,6,7,1,,29,2,,2,2,6,4.0,0.6309573444801932,20000,syndrome,False,,0.00034885599961853586,529,529,0,48388,85515,320000,0.267234375,0.267234375,0.0005242787969719703,14663,234608,123,5377,0.26885,5377,0.26885,5337,0.26685,40,0.002,0.0027279547159517153,0,0.0,3.7747160730004907,0.18873580365002451,0.18873580365002451
bch_derived_32_16_equal,bch_derived,32,16,0.5,,,6,7,1,,29,2,,2,2,6,4.0,0.6309573444801932,20000,hard_mld,False,,0.0,,,,,4192,320000,0.0131,0.0131,0.0131,20000,320000,4192,1114,0.0557,1114,0.0557,0,0.0,1114,0.0557,0.0557,1190,0.0595,45.15908148200015,2.2579540741000073,2.2579540741000073
bch_derived_32_16_equal,bch_derived,32,16,0.5,,,6,7,1,,29,2,,2,2,6,4.0,0.6309573444801932,20000,soft_mld,False,,0.0,,,,,169,320000,0.000528125,0.000528125,0.000528125,20000,320000,169,53,0.00265,53,0.00265,0,0.0,53,0.00265,0.00265,1,5e-05,13.809481409999535,0.6904740704999767,0.6904740704999767
bch_derived_32_16_equal,bch_derived,32,16,0.5,,,6,7,1,,29,2,,2,2,6,4.0,0.6309573444801932,20000,chase,False,,0.00034885599961853586,529,529,0,48388,2497,320000,0.007803125,0.007803125,0.0010602819028441984,19865,317840,337,235,0.01175,235,0.01175,135,0.00675,100,0.005,0.005033979360684621,0,0.0,117.26276606700048,5.863138303350024,5.863138303350024
bch_derived_32_16_equal,bch_derived,32,16,0.5,,,6,7,1,,29,2,,2,2,6,4.5,0.5956621435290105,20000,syndrome,False,,0.00034885599961853586,529,529,0,48388,59542,320000,0.18606875,0.18606875,0.00026868513173248175,16283,260528,70,3742,0.1871,3742,0.1871,3717,0.18585,25,0.00125,0.0015353436098998956,0,0.0,4.153977785999814,0.2076988892999907,0.2076988892999907
bch_derived_32_16_equal,bch_derived,32,16,0.5,,,6,7,1,,29,2,,2,2,6,4.5,0.5956621435290105,20000,hard_mld,False,,0.0,,,,,2272,320000,0.0071,0.0071,0.0071,20000,320000,2272,618,0.0309,618,0.0309,0,0.0,618,0.0309,0.0309,712,0.0356,47.91265614299937,2.395632807149968,2.395632807149968
bch_derived_32_16_equal,bch_derived,32,16,0.5,,,6,7,1,,29,2,,2,2,6,4.5,0.5956621435290105,20000,soft_mld,False,,0.0,,,,,81,320000,0.000253125,0.000253125,0.000253125,20000,320000,81,27,0.00135,27,0.00135,0,0.0,27,0.00135,0.00135,0,0.0,14.884206117000758,0.7442103058500379,0.7442103058500379
bch_derived_32_16_equal,bch_derived,32,16,0.5,,,6,7,1,,29,2,,2,2,6,4.5,0.5956621435290105,20000,chase,False,,0.00034885599961853586,529,529,0,48388,888,320000,0.002775,0.002775,0.00042600110259108907,19953,319248,136,88,0.0044,88,0.0044,47,0.00235,41,0.00205,0.002054828847792312,0,0.0,124.74330101600026,6.237165050800013,6.237165050800013
bch_derived_32_16_equal,bch_derived,32,16,0.5,,,6,7,1,,29,2,,2,2,6,5.0,0.5623413251903491,20000,syndrome,False,,0.00034885599961853586,529,529,0,48388,38381,320000,0.119940625,0.119940625,0.00015976482617586913,17604,281664,45,2413,0.12065,2413,0.12065,2396,0.1198,17,0.00085,0.0009656896159963644,0,0.0,4.410875851999663,0.22054379259998314,0.22054379259998314
bch_derived_32_16_equal,bch_derived,32,16,0.5,,,6,7,1,,29,2,,2,2,6,5.0,0.5623413251903491,20000,hard_mld,False,,0.0,,,,,1171,320000,0.003659375,0.003659375,0.003659375,20000,320000,1171,330,0.0165,330,0.0165,0,0.0,330,0.0165,0.0165,413,0.02065,45.58223373100009,2.2791116865500043,2.2791116865500043
bch_derived_32_16_equal,bch_derived,32,16,0.5,,,6,7,1,,29,2,,2,2,6,5.0,0.5623413251903491,20000,soft_mld,False,,0.0,,,,,28,320000,8.75e-05,8.75e-05,8.75e-05,20000,320000,28,9,0.00045,9,0.00045,0,0.0,9,0.00045,0.00045,0,0.0,13.901368503999947,0.6950684251999973,0.6950684251999973
bch_derived_32_16_equal,bch_derived,32,16,0.5,,,6,7,1,,29,2,,2,2,6,5.0,0.5623413251903491,20000,chase,False,,0.00034885599961853586,529,529,0,48388,241,320000,0.000753125,0.000753125,0.00015321693015809485,19988,319808,49,26,0.0013,26,0.0013,12,0.0006,14,0.0007,0.0007004202521512907,0,0.0,129.8232037810003,6.4911601890500155,6.4911601890500155
wavelet_64_32_equal,wavelet,64,32,0.5,1 0 0 1 0 0 1 1 1 1 0 0 0 1 0 0 1 1 1 1 1 0 1 0 0 0 1 1 1 1 1 1,,,,,,,,,3,3,8,0.0,1.0,20000,syndrome,False,,0.028665957999692182,43745,43745,0,5390052,636060,640000,0.99384375,0.99384375,0.015,125,4000,60,19878,0.9939,19878,0.9939,19875,0.99375,3,0.00015,0.024,0,0.0,0.827127458999712,0.0413563729499856,0.0413563729499856
wavelet_64_32_equal,wavelet,64,32,0.5,1 0 0 1 0 0 1 1 1 1 0 0 0 1 0 0 1 1 1 1 1 0 1 0 0 0 1 1 1 1 1 1,,,,,,,,,3,3,8,0.0,1.0,20000,hard_mld,True,Пропущено: k = 32 больше max_k_for_mld = 16,0.0,,,,,,,,,,,,,,,,,,,,,,,,,,
wavelet_64_32_equal,wavelet,64,32,0.5,1 0 0 1 0 0 1 1 1 1 0 0 0 1 0 0 1 1 1 1 1 0 1 0 0 0 1 1 1 1 1 1,,,,,,,,,3,3,8,0.0,1.0,20000,soft_mld,True,Пропущено: k = 32 больше max_k_for_mld = 16,0.0,,,,,,,,,,,,,,,,,,,,,,,,,,
wavelet_64_32_equal,wavelet,64,32,0.5,1 0 0 1 0 0 1 1 1 1 0 0 0 1 0 0 1 1 1 1 1 0 1 0 0 0 1 1 1 1 1 1,,,,,,,,,3,3,8,0.0,1.0,20000,chase,False,,0.028665957999692182,43745,43745,0,5390052,581402,640000,0.908440625,0.908440625,0.021278727952966328,1871,59872,1274,18199,0.90995,18199,0.90995,18129,0.90645,70,0.0035,0.03741314804917156,0,0.0,210.76488193299974,10.538244096649986,10.538244096649986
wavelet_64_32_equal,wavelet,64,32,0.5,1 0 0 1 0 0 1 1 1 1 0 0 0 1 0 0 1 1 1 1 1 0 1 0 0 0 1 1 1 1 1 1,,,,,,,,,3,3,8,0.5,0.9440608762859234,20000,syndrome,False,,0.028665957999692182,43745,43745,0,5390052,632000,640000,0.9875,0.9875,0.0,250,8000,0,19750,0.9875,19750,0.9875,19750,0.9875,0,0.0,0.0,0,0.0,0.9334538240000256,0.04667269120000128,0.04667269120000128
wavelet_64_32_equal,wavelet,64,32,0.5,1 0 0 1 0 0 1 1 1 1 0 0 0 1 0 0 1 1 1 1 1 0 1 0 0 0 1 1 1 1 1 1,,,,,,,,,3,3,8,0.5,0.9440608762859234,20000,hard_mld,True,Пропущено: k = 32 больше max_k_for_mld = 16,0.0,,,,,,,,,,,,,,,,,,,,,,,,,,
wavelet_64_32_equal,wavelet,64,32,0.5,1 0 0 1 0 0 1 1 1 1 0 0 0 1 0 0 1 1 1 1 1 0 1 0 0 0 1 1 1 1 1 1,,,,,,,,,3,3,8,0.5,0.9440608762859234,20000,soft_mld,True,Пропущено: k = 32 больше max_k_for_mld = 16,0.0,,,,,,,,,,,,,,,,,,,,,,,,,,
wavelet_64_32_equal,wavelet,64,32,0.5,1 0 0 1 0 0 1 1 1 1 0 0 0 1 0 0 1 1 1 1 1 0 1 0 0 0 1 1 1 1 1 1,,,,,,,,,3,3,8,0.5,0.9440608762859234,20000,chase,False,,0.028665957999692182,43745,43745,0,5390052,539390,640000,0.842796875,0.842796875,0.012232956330505812,3183,101856,1246,16884,0.8442,16884,0.8442,16817,0.84085,67,0.00335,0.021049324536600692,0,0.0,221.83019918399987,11.091509959199993,11.091509959199993
wavelet_64_32_equal,wavelet,64,32,0.5,1 0 0 1 0 0 1 1 1 1 0 0 0 1 0 0 1 1 1 1 1 0 1 0 0 0 1 1 1 1 1 1,,,,,,,,,3,3,8,1.0,0.8912509381337456,20000,syndrome,False,,0.028665957999692182,43745,43745,0,5390052,624032,640000,0.97505,0.97505,0.0,499,15968,0,19501,0.97505,19501,0.97505,19501,0.97505,0,0.0,0.0,0,0.0,1.1531664610001826,0.057658323050009126,0.057658323050009126
wavelet_64_32_equal,wavelet,64,32,0.5,1 0 0 1 0 0 1 1 1 1 0 0 0 1 0 0 1 1 1 1 1 0 1 0 0 0 1 1 1 1 1 1,,,,,,,,,3,3,8,1.0,0.8912509381337456,20000,hard_mld,True,Пропущено: k = 32 больше max_k_for_mld = 16,0.0,,,,,,,,,,,,,,,,,,,,,,,,,,
wavelet_64_32_equal,wavelet,64,32,0.5,1 0 0 1 0 0 1 1 1 1 0 0 0 1 0 0 1 1 1 1 1 0 1 0 0 0 1 1 1 1 1 1,,,,,,,,,3,3,8,1.0,0.8912509381337456,20000,soft_mld,True,Пропущено: k = 32 больше max_k_for_mld = 16,0.0,,,,,,,,,,,,,,,,,,,,,,,,,,
wavelet_64_32_equal,wavelet,64,32,0.5,1 0 0 1 0 0 1 1 1 1 0 0 0 1 0 0 1 1 1 1 1 0 1 0 0 0 1 1 1 1 1 1,,,,,,,,,3,3,8,1.0,0.8912509381337456,20000,chase,False,,0.028665957999692182,43745,43745,0,5390052,479745,640000,0.7496015625,0.7496015625,0.008519352603444863,5051,161632,1377,15024,0.7512,15024,0.7512,14949,0.74745,75,0.00375,0.014848544842605425,0,0.0,243.58087423300003,12.179043711650001,12.179043711650001
wavelet_64_32_equal,wavelet,64,32,0.5,1 0 0 1 0 0 1 1 1 1 0 0 0 1 0 0 1 1 1 1 1 0 1 0 0 0 1 1 1 1 1 1,,,,,,,,,3,3,8,1.5,0.8413951416451951,20000,syndrome,False,,0.028665957999692182,43745,43745,0,5390052,609558,640000,0.952434375,0.952434375,0.0007221638655462185,952,30464,22,19049,0.95245,19049,0.95245,19048,0.9524,1,5e-05,0.0010504201680672268,0,0.0,1.5336043839997728,0.07668021919998863,0.07668021919998863
wavelet_64_32_equal,wavelet,64,32,0.5,1 0 0 1 0 0 1 1 1 1 0 0 0 1 0 0 1 1 1 1 1 0 1 0 0 0 1 1 1 1 1 1,,,,,,,,,3,3,8,1.5,0.8413951416451951,20000,hard_mld,True,Пропущено: k = 32 больше max_k_for_mld = 16,0.0,,,,,,,,,,,,,,,,,,,,,,,,,,
wavelet_64_32_equal,wavelet,64,32,0.5,1 0 0 1 0 0 1 1 1 1 0 0 0 1 0 0 1 1 1 1 1 0 1 0 0 0 1 1 1 1 1 1,,,,,,,,,3,3,8,1.5,0.8413951416451951,20000,soft_mld,True,Пропущено: k = 32 больше max_k_for_mld = 16,0.0,,,,,,,,,,,,,,,,,,,,,,,,,,
wavelet_64_32_equal,wavelet,64,32,0.5,1 0 0 1 0 0 1 1 1 1 0 0 0 1 0 0 1 1 1 1 1 0 1 0 0 0 1 1 1 1 1 1,,,,,,,,,3,3,8,1.5,0.8413951416451951,20000,chase,False,,0.028665957999692182,43745,43745,0,5390052,402658,640000,0.629153125,0.629153125,0.005239069206008583,7456,238592,1250,12612,0.6306,12612,0.6306,12544,0.6272,68,0.0034,0.009120171673819743,0,0.0,280.6860278009999,14.034301390049995,14.034301390049995
wavelet_64_32_equal,wavelet,64,32,0.5,1 0 0 1 0 0 1 1 1 1 0 0 0 1 0 0 1 1 1 1 1 0 1 0 0 0 1 1 1 1 1 1,,,,,,,,,3,3,8,2.0,0.7943282347242815,20000,syndrome,False,,0.028665957999692182,43745,43745,0,5390052,583990,640000,0.912484375,0.912484375,0.00039263278126784693,1751,56032,22,18250,0.9125,18250,0.9125,18249,0.91245,1,5e-05,0.0005711022272986865,0,0.0,2.2142855379997854,0.11071427689998928,0.11071427689998928
wavelet_64_32_equal,wavelet,64,32,0.5,1 0 0 1 0 0 1 1 1 1 0 0 0 1 0 0 1 1 1 1 1 0 1 0 0 0 1 1 1 1 1 1,,,,,,,,,3,3,8,2.0,0.7943282347242815,20000,hard_mld,True,Пропущено: k = 32 больше max_k_for_mld = 16,0.0,,,,,,,,,,,,,,,,,,,,,,,,,,
wavelet_64_32_equal,wavelet,64,32,0.5,1 0 0 1 0 0 1 1 1 1 0 0 0 1 0 0 1 1 1 1 1 0 1 0 0 0 1 1 1 1 1 1,,,,,,,,,3,3,8,2.0,0.7943282347242815,20000,soft_mld,True,Пропущено: k = 32 больше max_k_for_mld = 16,0.0,,,,,,,,,,,,,,,,,,,,,,,,,,
wavelet_64_32_equal,wavelet,64,32,0.5,1 0 0 1 0 0 1 1 1 1 0 0 0 1 0 0 1 1 1 1 1 0 1 0 0 0 1 1 1 1 1 1,,,,,,,,,3,3,8,2.0,0.7943282347242815,20000,chase,False,,0.028665957999692182,43745,43745,0,5390052,307245,640000,0.4800703125,0.4800703125,0.0030111457334611696,10430,333760,1005,9624,0.4812,9624,0.4812,9570,0.4785,54,0.0027,0.005177372962607862,0,0.0,341.8607545450004,17.09303772725002,17.09303772725002
wavelet_64_32_equal,wavelet,64,32,0.5,1 0 0 1 0 0 1 1 1 1 0 0 0 1 0 0 1 1 1 1 1 0 1 0 0 0 1 1 1 1 1 1,,,,,,,,,3,3,8,2.5,0.7498942093324559,20000,syndrome,False,,0.028665957999692182,43745,43745,0,5390052,541088,640000,0.84545,0.84545,0.0,3091,98912,0,16909,0.84545,16909,0.84545,16909,0.84545,0,0.0,0.0,0,0.0,3.348029905999283,0.16740149529996415,0.16740149529996415
wavelet_64_32_equal,wavelet,64,32,0.5,1 0 0 1 0 0 1 1 1 1 0 0 0 1 0 0 1 1 1 1 1 0 1 0 0 0 1 1 1 1 1 1,,,,,,,,,3,3,8,2.5,0.7498942093324559,20000,hard_mld,True,Пропущено: k = 32 больше max_k_for_mld = 16,0.0,,,,,,,,,,,,,,,,,,,,,,,,,,
wavelet_64_32_equal,wavelet,64,32,0.5,1 0 0 1 0 0 1 1 1 1 0 0 0 1 0 0 1 1 1 1 1 0 1 0 0 0 1 1 1 1 1 1,,,,,,,,,3,3,8,2.5,0.7498942093324559,20000,soft_mld,True,Пропущено: k = 32 больше max_k_for_mld = 16,0.0,,,,,,,,,,,,,,,,,,,,,,,,,,
wavelet_64_32_equal,wavelet,64,32,0.5,1 0 0 1 0 0 1 1 1 1 0 0 0 1 0 0 1 1 1 1 1 0 1 0 0 0 1 1 1 1 1 1,,,,,,,,,3,3,8,2.5,0.7498942093324559,20000,chase,False,,0.028665957999692182,43745,43745,0,5390052,210176,640000,0.3284,0.3284,0.0019319363947094665,13458,430656,832,6586,0.3293,6586,0.3293,6542,0.3271,44,0.0022,0.00326943082181602,0,0.0,441.3263194029987,22.066315970149937,22.066315970149937
wavelet_64_32_equal,wavelet,64,32,0.5,1 0 0 1 0 0 1 1 1 1 0 0 0 1 0 0 1 1 1 1 1 0 1 0 0 0 1 1 1 1 1 1,,,,,,,,,3,3,8,3.0,0.7079457843841379,20000,syndrome,False,,0.028665957999692182,43745,43745,0,5390052,482880,640000,0.7545,0.7545,0.00040716612377850165,4912,157184,64,15091,0.75455,15091,0.75455,15088,0.7544,3,0.00015,0.0006107491856677524,0,0.0,4.915404502999081,0.24577022514995406,0.24577022514995406
wavelet_64_32_equal,wavelet,64,32,0.5,1 0 0 1 0 0 1 1 1 1 0 0 0 1 0 0 1 1 1 1 1 0 1 0 0 0 1 1 1 1 1 1,,,,,,,,,3,3,8,3.0,0.7079457843841379,20000,hard_mld,True,Пропущено: k = 32 больше max_k_for_mld = 16,0.0,,,,,,,,,,,,,,,,,,,,,,,,,,
wavelet_64_32_equal,wavelet,64,32,0.5,1 0 0 1 0 0 1 1 1 1 0 0 0 1 0 0 1 1 1 1 1 0 1 0 0 0 1 1 1 1 1 1,,,,,,,,,3,3,8,3.0,0.7079457843841379,20000,soft_mld,True,Пропущено: k = 32 больше max_k_for_mld = 16,0.0,,,,,,,,,,,,,,,,,,,,,,,,,,
wavelet_64_32_equal,wavelet,64,32,0.5,1 0 0 1 0 0 1 1 1 1 0 0 0 1 0 0 1 1 1 1 1 0 1 0 0 0 1 1 1 1 1 1,,,,,,,,,3,3,8,3.0,0.7079457843841379,20000,chase,False,,0.028665957999692182,43745,43745,0,5390052,128668,640000,0.20104375,0.20104375,0.0008050900450225113,15992,511744,412,4030,0.2015,4030,0.2015,4008,0.2004,22,0.0011,0.001375687843921961,0,0.0,578.6379072069994,28.931895360349973,28.931895360349973
wavelet_64_32_equal,wavelet,64,32,0.5,1 0 0 1 0 0 1 1 1 1 0 0 0 1 0 0 1 1 1 1 1 0 1 0 0 0 1 1 1 1 1 1,,,,,,,,,3,3,8,3.5,0.6683439175686147,20000,syndrome,False,,0.028665957999692182,43745,43745,0,5390052,407724,640000,0.63706875,0.63706875,0.0004647480033048747,7262,232384,108,12743,0.63715,12743,0.63715,12738,0.6369,5,0.00025,0.0006885155604516662,0,0.0,6.8999243849993945,0.3449962192499697,0.3449962192499697
wavelet_64_32_equal,wavelet,64,32,0.5,1 0 0 1 0 0 1 1 1 1 0 0 0 1 0 0 1 1 1 1 1 0 1 0 0 0 1 1 1 1 1 1,,,,,,,,,3,3,8,3.5,0.6683439175686147,20000,hard_mld,True,Пропущено: k = 32 больше max_k_for_mld = 16,0.0,,,,,,,,,,,,,,,,,,,,,,,,,,
wavelet_64_32_equal,wavelet,64,32,0.5,1 0 0 1 0 0 1 1 1 1 0 0 0 1 0 0 1 1 1 1 1 0 1 0 0 0 1 1 1 1 1 1,,,,,,,,,3,3,8,3.5,0.6683439175686147,20000,soft_mld,True,Пропущено: k = 32 больше max_k_for_mld = 16,0.0,,,,,,,,,,,,,,,,,,,,,,,,,,
wavelet_64_32_equal,wavelet,64,32,0.5,1 0 0 1 0 0 1 1 1 1 0 0 0 1 0 0 1 1 1 1 1 0 1 0 0 0 1 1 1 1 1 1,,,,,,,,,3,3,8,3.5,0.6683439175686147,20000,chase,False,,0.028665957999692182,43745,43745,0,5390052,66798,640000,0.104371875,0.104371875,0.00030346578859247685,17918,573376,174,2091,0.10455,2091,0.10455,2082,0.1041,9,0.00045,0.0005022882018082375,0,0.0,752.8151283269999,37.640756416349994,37.640756416349994
wavelet_64_32_equal,wavelet,64,32,0.5,1 0 0 1 0 0 1 1 1 1 0 0 0 1 0 0 1 1 1 1 1 0 1 0 0 0 1 1 1 1 1 1,,,,,,,,,3,3,8,4.0,0.6309573444801932,20000,syndrome,False,,0.028665957999692182,43745,43745,0,5390052,318370,640000,0.497453125,0.497453125,0.00020516263801850193,10053,321696,66,9950,0.4975,9950,0.4975,9947,0.49735,3,0.00015,0.0002984183825723665,0,0.0,9.314702648000093,0.46573513240000464,0.46573513240000464
wavelet_64_32_equal,wavelet,64,32,0.5,1 0 0 1 0 0 1 1 1 1 0 0 0 1 0 0 1 1 1 1 1 0 1 0 0 0 1 1 1 1 1 1,,,,,,,,,3,3,8,4.0,0.6309573444801932,20000,hard_mld,True,Пропущено: k = 32 больше max_k_for_mld = 16,0.0,,,,,,,,,,,,,,,,,,,,,,,,,,
wavelet_64_32_equal,wavelet,64,32,0.5,1 0 0 1 0 0 1 1 1 1 0 0 0 1 0 0 1 1 1 1 1 0 1 0 0 0 1 1 1 1 1 1,,,,,,,,,3,3,8,4.0,0.6309573444801932,20000,soft_mld,True,Пропущено: k = 32 больше max_k_for_mld = 16,0.0,,,,,,,,,,,,,,,,,,,,,,,,,,
wavelet_64_32_equal,wavelet,64,32,0.5,1 0 0 1 0 0 1 1 1 1 0 0 0 1 0 0 1 1 1 1 1 0 1 0 0 0 1 1 1 1 1 1,,,,,,,,,3,3,8,4.0,0.6309573444801932,20000,chase,False,,0.028665957999692182,43745,43745,0,5390052,27810,640000,0.043453125,0.043453125,0.00010779804526211258,19133,612256,66,870,0.0435,870,0.0435,867,0.04335,3,0.00015,0.00015679715674489102,0,0.0,948.6706427959998,47.43353213979999,47.43353213979999
wavelet_64_32_equal,wavelet,64,32,0.5,1 0 0 1 0 0 1 1 1 1 0 0 0 1 0 0 1 1 1 1 1 0 1 0 0 0 1 1 1 1 1 1,,,,,,,,,3,3,8,4.5,0.5956621435290105,20000,syndrome,False,,0.028665957999692182,43745,43745,0,5390052,225164,640000,0.35181875,0.35181875,0.00010605476282298497,12965,414880,44,7037,0.35185,7037,0.35185,7035,0.35175,2,0.0001,0.00015426147319706903,0,0.0,11.77204622499994,0.5886023112499971,0.5886023112499971
wavelet_64_32_equal,wavelet,64,32,0.5,1 0 0 1 0 0 1 1 1 1 0 0 0 1 0 0 1 1 1 1 1 0 1 0 0 0 1 1 1 1 1 1,,,,,,,,,3,3,8,4.5,0.5956621435290105,20000,hard_mld,True,Пропущено: k = 32 больше max_k_for_mld = 16,0.0,,,,,,,,,,,,,,,,,,,,,,,,,,
wavelet_64_32_equal,wavelet,64,32,0.5,1 0 0 1 0 0 1 1 1 1 0 0 0 1 0 0 1 1 1 1 1 0 1 0 0 0 1 1 1 1 1 1,,,,,,,,,3,3,8,4.5,0.5956621435290105,20000,soft_mld,True,Пропущено: k = 32 больше max_k_for_mld = 16,0.0,,,,,,,,,,,,,,,,,,,,,,,,,,
wavelet_64_32_equal,wavelet,64,32,0.5,1 0 0 1 0 0 1 1 1 1 0 0 0 1 0 0 1 1 1 1 1 0 1 0 0 0 1 1 1 1 1 1,,,,,,,,,3,3,8,4.5,0.5956621435290105,20000,chase,False,,0.028665957999692182,43745,43745,0,5390052,9440,640000,0.01475,0.01475,0.00010148678134672958,19707,630624,64,296,0.0148,296,0.0148,293,0.01465,3,0.00015,0.00015223017202009437,0,0.0,1155.0082958870007,57.750414794350036,57.750414794350036
wavelet_64_32_equal,wavelet,64,32,0.5,1 0 0 1 0 0 1 1 1 1 0 0 0 1 0 0 1 1 1 1 1 0 1 0 0 0 1 1 1 1 1 1,,,,,,,,,3,3,8,5.0,0.5623413251903491,20000,syndrome,False,,0.028665957999692182,43745,43745,0,5390052,144064,640000,0.2251,0.2251,0.0,15498,495936,0,4502,0.2251,4502,0.2251,4502,0.2251,0,0.0,0.0,0,0.0,13.769372969998585,0.6884686484999293,0.6884686484999293
wavelet_64_32_equal,wavelet,64,32,0.5,1 0 0 1 0 0 1 1 1 1 0 0 0 1 0 0 1 1 1 1 1 0 1 0 0 0 1 1 1 1 1 1,,,,,,,,,3,3,8,5.0,0.5623413251903491,20000,hard_mld,True,Пропущено: k = 32 больше max_k_for_mld = 16,0.0,,,,,,,,,,,,,,,,,,,,,,,,,,
wavelet_64_32_equal,wavelet,64,32,0.5,1 0 0 1 0 0 1 1 1 1 0 0 0 1 0 0 1 1 1 1 1 0 1 0 0 0 1 1 1 1 1 1,,,,,,,,,3,3,8,5.0,0.5623413251903491,20000,soft_mld,True,Пропущено: k = 32 больше max_k_for_mld = 16,0.0,,,,,,,,,,,,,,,,,,,,,,,,,,
wavelet_64_32_equal,wavelet,64,32,0.5,1 0 0 1 0 0 1 1 1 1 0 0 0 1 0 0 1 1 1 1 1 0 1 0 0 0 1 1 1 1 1 1,,,,,,,,,3,3,8,5.0,0.5623413251903491,20000,chase,False,,0.028665957999692182,43745,43745,0,5390052,2700,640000,0.00421875,0.00421875,6.903650148114676e-05,19917,637344,44,85,0.00425,85,0.00425,83,0.00415,2,0.0001,0.00010041672942712255,0,0.0,1353.163874072001,67.65819370360005,67.65819370360005
bch_derived_64_32_equal,bch_derived,64,32,0.5,,,7,11,1,,60,3,,3,3,8,0.0,1.0,20000,syndrome,False,,0.02818215300067095,43745,43745,0,5378480,636608,640000,0.9947,0.9947,0.0,106,3392,0,19894,0.9947,19894,0.9947,19894,0.9947,0,0.0,0.0,0,0.0,0.7971520299997792,0.03985760149998896,0.03985760149998896
bch_derived_64_32_equal,bch_derived,64,32,0.5,,,7,11,1,,60,3,,3,3,8,0.0,1.0,20000,hard_mld,True,Пропущено: k = 32 больше max_k_for_mld = 16,0.0,,,,,,,,,,,,,,,,,,,,,,,,,,
bch_derived_64_32_equal,bch_derived,64,32,0.5,,,7,11,1,,60,3,,3,3,8,0.0,1.0,20000,soft_mld,True,Пропущено: k = 32 больше max_k_for_mld = 16,0.0,,,,,,,,,,,,,,,,,,,,,,,,,,
bch_derived_64_32_equal,bch_derived,64,32,0.5,,,7,11,1,,60,3,,3,3,8,0.0,1.0,20000,chase,False,,0.02818215300067095,43745,43745,0,5378480,581219,640000,0.9081546875,0.9081546875,0.0027653365906623235,1842,58944,163,18182,0.9091,18182,0.9091,18158,0.9079,24,0.0012,0.013029315960912053,0,0.0,207.26671609599907,10.363335804799954,10.363335804799954
bch_derived_64_32_equal,bch_derived,64,32,0.5,,,7,11,1,,60,3,,3,3,8,0.5,0.9440608762859234,20000,syndrome,False,,0.02818215300067095,43745,43745,0,5378480,632480,640000,0.98825,0.98825,0.0,235,7520,0,19765,0.98825,19765,0.98825,19765,0.98825,0,0.0,0.0,0,0.0,0.8843320619998849,0.04421660309999425,0.04421660309999425
bch_derived_64_32_equal,bch_derived,64,32,0.5,,,7,11,1,,60,3,,3,3,8,0.5,0.9440608762859234,20000,hard_mld,True,Пропущено: k = 32 больше max_k_for_mld = 16,0.0,,,,,,,,,,,,,,,,,,,,,,,,,,
bch_derived_64_32_equal,bch_derived,64,32,0.5,,,7,11,1,,60,3,,3,3,8,0.5,0.9440608762859234,20000,soft_mld,True,Пропущено: k = 32 больше max_k_for_mld = 16,0.0,,,,,,,,,,,,,,,,,,,,,,,,,,
bch_derived_64_32_equal,bch_derived,64,32,0.5,,,7,11,1,,60,3,,3,3,8,0.5,0.9440608762859234,20000,chase,False,,0.02818215300067095,43745,43745,0,5378480,540075,640000,0.8438671875,0.8438671875,0.0017083599744245523,3128,100096,171,16898,0.8449,16898,0.8449,16872,0.8436,26,0.0013,0.008312020460358057,0,0.0,215.91607528500026,10.795803764250014,10.795803764250014
bch_derived_64_32_equal,bch_derived,64,32,0.5,,,7,11,1,,60,3,,3,3,8,1.0,0.8912509381337456,20000,syndrome,False,,0.02818215300067095,43745,43745,0,5378480,624640,640000,0.976,0.976,0.0,480,15360,0,19520,0.976,19520,0.976,19520,0.976,0,0.0,0.0,0,0.0,1.0469496069999877,0.052347480349999385,0.052347480349999385
bch_derived_64_32_equal,bch_derived,64,32,0.5,,,7,11,1,,60,3,,3,3,8,1.0,0.8912509381337456,20000,hard_mld,True,Пропущено: k = 32 больше max_k_for_mld = 16,0.0,,,,,,,,,,,,,,,,,,,,,,,,,,
bch_derived_64_32_equal,bch_derived,64,32,0.5,,,7,11,1,,60,3,,3,3,8,1.0,0.8912509381337456,20000,soft_mld,True,Пропущено: k = 32 больше max_k_for_mld = 16,0.0,,,,,,,,,,,,,,,,,,,,,,,,,,
bch_derived_64_32_equal,bch_derived,64,32,0.5,,,7,11,1,,60,3,,3,3,8,1.0,0.8912509381337456,20000,chase,False,,0.02818215300067095,43745,43745,0,5378480,477302,640000,0.745784375,0.745784375,0.0007247444968553459,5088,162816,118,14930,0.7465,14930,0.7465,14912,0.7456,18,0.0009,0.003537735849056604,0,0.0,229.83528917399963,11.491764458699981,11.491764458699981
bch_derived_64_32_equal,bch_derived,64,32,0.5,,,7,11,1,,60,3,,3,3,8,1.5,0.8413951416451951,20000,syndrome,False,,0.02818215300067095,43745,43745,0,5378480,611200,640000,0.955,0.955,0.0,900,28800,0,19100,0.955,19100,0.955,19100,0.955,0,0.0,0.0,0,0.0,1.329758314001083,0.06648791570005415,0.06648791570005415
bch_derived_64_32_equal,bch_derived,64,32,0.5,,,7,11,1,,60,3,,3,3,8,1.5,0.8413951416451951,20000,hard_mld,True,Пропущено: k = 32 больше max_k_for_mld = 16,0.0,,,,,,,,,,,,,,,,,,,,,,,,,,
bch_derived_64_32_equal,bch_derived,64,32,0.5,,,7,11,1,,60,3,,3,3,8,1.5,0.8413951416451951,20000,soft_mld,True,Пропущено: k = 32 больше max_k_for_mld = 16,0.0,,,,,,,,,,,,,,,,,,,,,,,,,,
bch_derived_64_32_equal,bch_derived,64,32,0.5,,,7,11,1,,60,3,,3,3,8,1.5,0.8413951416451951,20000,chase,False,,0.02818215300067095,43745,43745,0,5378480,399010,640000,0.623453125,0.623453125,0.00040649057605521635,7534,241088,98,12481,0.62405,12481,0.62405,12466,0.6233,15,0.00075,0.001990974250066366,0,0.0,261.3374143639994,13.06687071819997,13.06687071819997
bch_derived_64_32_equal,bch_derived,64,32,0.5,,,7,11,1,,60,3,,3,3,8,2.0,0.7943282347242815,20000,syndrome,False,,0.02818215300067095,43745,43745,0,5378480,584288,640000,0.91295,0.91295,0.0,1741,55712,0,18259,0.91295,18259,0.91295,18259,0.91295,0,0.0,0.0,0,0.0,1.988548355000603,0.09942741775003015,0.09942741775003015
bch_derived_64_32_equal,bch_derived,64,32,0.5,,,7,11,1,,60,3,,3,3,8,2.0,0.7943282347242815,20000,hard_mld,True,Пропущено: k = 32 больше max_k_for_mld = 16,0.0,,,,,,,,,,,,,,,,,,,,,,,,,,
bch_derived_64_32_equal,bch_derived,64,32,0.5,,,7,11,1,,60,3,,3,3,8,2.0,0.7943282347242815,20000,soft_mld,True,Пропущено: k = 32 больше max_k_for_mld = 16,0.0,,,,,,,,,,,,,,,,,,,,,,,,,,
bch_derived_64_32_equal,bch_derived,64,32,0.5,,,7,11,1,,60,3,,3,3,8,2.0,0.7943282347242815,20000,chase,False,,0.02818215300067095,43745,43745,0,5378480,305591,640000,0.4774859375,0.4774859375,0.0001644422120168389,10452,334464,55,9556,0.4778,9556,0.4778,9548,0.4774,8,0.0004,0.0007654037504783774,0,0.0,318.72993600100017,15.936496800050007,15.936496800050007
bch_derived_64_32_equal,bch_derived,64,32,0.5,,,7,11,1,,60,3,,3,3,8,2.5,0.7498942093324559,20000,syndrome,False,,0.02818215300067095,43745,43745,0,5378480,541120,640000,0.8455,0.8455,0.0,3090,98880,0,16910,0.8455,16910,0.8455,16910,0.8455,0,0.0,0.0,0,0.0,3.0264886780005327,0.15132443390002662,0.15132443390002662
bch_derived_64_32_equal,bch_derived,64,32,0.5,,,7,11,1,,60,3,,3,3,8,2.5,0.7498942093324559,20000,hard_mld,True,Пропущено: k = 32 больше max_k_for_mld = 16,0.0,,,,,,,,,,,,,,,,,,,,,,,,,,
bch_derived_64_32_equal,bch_derived,64,32,0.5,,,7,11,1,,60,3,,3,3,8,2.5,0.7498942093324559,20000,soft_mld,True,Пропущено: k = 32 больше max_k_for_mld = 16,0.0,,,,,,,,,,,,,,,,,,,,,,,,,,
bch_derived_64_32_equal,bch_derived,64,32,0.5,,,7,11,1,,60,3,,3,3,8,2.5,0.7498942093324559,20000,chase,False,,0.02818215300067095,43745,43745,0,5378480,207330,640000,0.323953125,0.323953125,0.00015251793241144717,13523,432736,66,6487,0.32435,6487,0.32435,6477,0.32385,10,0.0005,0.0007394808844191378,0,0.0,399.84284448900144,19.99214222445007,19.99214222445007
bch_derived_64_32_equal,bch_derived,64,32,0.5,,,7,11,1,,60,3,,3,3,8,3.0,0.7079457843841379,20000,syndrome,False,,0.02818215300067095,43745,43745,0,5378480,479840,640000,0.74975,0.74975,0.0,5005,160160,0,14995,0.74975,14995,0.74975,14995,0.74975,0,0.0,0.0,0,0.0,4.301901282999097,0.21509506414995486,0.21509506414995486
bch_derived_64_32_equal,bch_derived,64,32,0.5,,,7,11,1,,60,3,,3,3,8,3.0,0.7079457843841379,20000,hard_mld,True,Пропущено: k = 32 больше max_k_for_mld = 16,0.0,,,,,,,,,,,,,,,,,,,,,,,,,,
bch_derived_64_32_equal,bch_derived,64,32,0.5,,,7,11,1,,60,3,,3,3,8,3.0,0.7079457843841379,20000,soft_mld,True,Пропущено: k = 32 больше max_k_for_mld = 16,0.0,,,,,,,,,,,,,,,,,,,,,,,,,,
bch_derived_64_32_equal,bch_derived,64,32,0.5,,,7,11,1,,60,3,,3,3,8,3.0,0.7079457843841379,20000,chase,False,,0.02818215300067095,43745,43745,0,5378480,125731,640000,0.1964546875,0.1964546875,6.805313588850174e-05,16072,514304,35,3933,0.19665,3933,0.19665,3928,0.1964,5,0.00025,0.00031110004977600794,0,0.0,508.4734008529995,25.423670042649974,25.423670042649974
bch_derived_64_32_equal,bch_derived,64,32,0.5,,,7,11,1,,60,3,,3,3,8,3.5,0.6683439175686147,20000,syndrome,False,,0.02818215300067095,43745,43745,0,5378480,401216,640000,0.6269,0.6269,0.0,7462,238784,0,12538,0.6269,12538,0.6269,12538,0.6269,0,0.0,0.0,0,0.0,5.944200751000608,0.2972100375500304,0.2972100375500304
bch_derived_64_32_equal,bch_derived,64,32,0.5,,,7,11,1,,60,3,,3,3,8,3.5,0.6683439175686147,20000,hard_mld,True,Пропущено: k = 32 больше max_k_for_mld = 16,0.0,,,,,,,,,,,,,,,,,,,,,,,,,,
bch_derived_64_32_equal,bch_derived,64,32,0.5,,,7,11,1,,60,3,,3,3,8,3.5,0.6683439175686147,20000,soft_mld,True,Пропущено: k = 32 больше max_k_for_mld = 16,0.0,,,,,,,,,,,,,,,,,,,,,,,,,,
bch_derived_64_32_equal,bch_derived,64,32,0.5,,,7,11,1,,60,3,,3,3,8,3.5,0.6683439175686147,20000,chase,False,,0.02818215300067095,43745,43745,0,5378480,63396,640000,0.09905625,0.09905625,6.243063263041066e-05,18020,576640,36,1985,0.09925,1985,0.09925,1980,0.099,5,0.00025,0.0002774694783573807,0,0.0,649.6588240239998,32.48294120119999,32.48294120119999
bch_derived_64_32_equal,bch_derived,64,32,0.5,,,7,11,1,,60,3,,3,3,8,4.0,0.6309573444801932,20000,syndrome,False,,0.02818215300067095,43745,43745,0,5378480,313280,640000,0.4895,0.4895,0.0,10210,326720,0,9790,0.4895,9790,0.4895,9790,0.4895,0,0.0,0.0,0,0.0,7.872977861999971,0.39364889309999856,0.39364889309999856
bch_derived_64_32_equal,bch_derived,64,32,0.5,,,7,11,1,,60,3,,3,3,8,4.0,0.6309573444801932,20000,hard_mld,True,Пропущено: k = 32 больше max_k_for_mld = 16,0.0,,,,,,,,,,,,,,,,,,,,,,,,,,
bch_derived_64_32_equal,bch_derived,64,32,0.5,,,7,11,1,,60,3,,3,3,8,4.0,0.6309573444801932,20000,soft_mld,True,Пропущено: k = 32 больше max_k_for_mld = 16,0.0,,,,,,,,,,,,,,,,,,,,,,,,,,
bch_derived_64_32_equal,bch_derived,64,32,0.5,,,7,11,1,,60,3,,3,3,8,4.0,0.6309573444801932,20000,chase,False,,0.02818215300067095,43745,43745,0,5378480,27143,640000,0.0424109375,0.0424109375,1.1421783625730994e-05,19152,612864,7,849,0.04245,849,0.04245,848,0.0424,1,5e-05,5.2213868003341685e-05,0,0.0,802.2986076570014,40.11493038285007,40.11493038285007
bch_derived_64_32_equal,bch_derived,64,32,0.5,,,7,11,1,,60,3,,3,3,8,4.5,0.5956621435290105,20000,syndrome,False,,0.02818215300067095,43745,43745,0,5378480,218912,640000,0.34205,0.34205,0.0,13159,421088,0,6841,0.34205,6841,0.34205,6841,0.34205,0,0.0,0.0,0,0.0,9.885871225997107,0.49429356129985536,0.49429356129985536
bch_derived_64_32_equal,bch_derived,64,32,0.5,,,7,11,1,,60,3,,3,3,8,4.5,0.5956621435290105,20000,hard_mld,True,Пропущено: k = 32 больше max_k_for_mld = 16,0.0,,,,,,,,,,,,,,,,,,,,,,,,,,
bch_derived_64_32_equal,bch_derived,64,32,0.5,,,7,11,1,,60,3,,3,3,8,4.5,0.5956621435290105,20000,soft_mld,True,Пропущено: k = 32 больше max_k_for_mld = 16,0.0,,,,,,,,,,,,,,,,,,,,,,,,,,
bch_derived_64_32_equal,bch_derived,64,32,0.5,,,7,11,1,,60,3,,3,3,8,4.5,0.5956621435290105,20000,chase,False,,0.02818215300067095,43745,43745,0,5378480,9184,640000,0.01435,0.01435,0.0,19713,630816,0,287,0.01435,287,0.01435,287,0.01435,0,0.0,0.0,0,0.0,983.4136498949993,49.17068249474996,49.17068249474996
bch_derived_64_32_equal,bch_derived,64,32,0.5,,,7,11,1,,60,3,,3,3,8,5.0,0.5623413251903491,20000,syndrome,False,,0.02818215300067095,43745,43745,0,5378480,139776,640000,0.2184,0.2184,0.0,15632,500224,0,4368,0.2184,4368,0.2184,4368,0.2184,0,0.0,0.0,0,0.0,11.54733222899813,0.5773666114499065,0.5773666114499065
bch_derived_64_32_equal,bch_derived,64,32,0.5,,,7,11,1,,60,3,,3,3,8,5.0,0.5623413251903491,20000,hard_mld,True,Пропущено: k = 32 больше max_k_for_mld = 16,0.0,,,,,,,,,,,,,,,,,,,,,,,,,,
bch_derived_64_32_equal,bch_derived,64,32,0.5,,,7,11,1,,60,3,,3,3,8,5.0,0.5623413251903491,20000,soft_mld,True,Пропущено: k = 32 больше max_k_for_mld = 16,0.0,,,,,,,,,,,,,,,,,,,,,,,,,,
bch_derived_64_32_equal,bch_derived,64,32,0.5,,,7,11,1,,60,3,,3,3,8,5.0,0.5623413251903491,20000,chase,False,,0.02818215300067095,43745,43745,0,5378480,2400,640000,0.00375,0.00375,0.0,19925,637600,0,75,0.00375,75,0.00375,75,0.00375,0,0.0,0.0,0,0.0,1142.2003545320003,57.11001772660001,57.11001772660001
